No,Type,Name,Sequence
2A-2C,Luciferase,L1,AUGGAGGACGCGAAAAACAUCAAAAAAGGGCCUGCGCCUUUUUACCCUCUGGAGGACGGGACCGCGGGGGAGCAACUGCACAAAGCGAUGAAAAGGUACGCGCUGGUACCUGGGACCAUCGCGUUUACCGACGCGCACAUCGAGGUAGACAUCACCUACGCGGAGUACUUUGAGAUGAGCGUAAGGCUGGCGGAGGCGAUGAAAAGGUACGGGCUGAACACCAACCACAGGAUCGUAGUAUGCAGCGAGAACAGCCUGCAAUUUUUUAUGCCUGUACUGGGGGCGCUGUUUAUCGGGGUAGCGGUAGCGCCUGCGAACGACAUCUACAACGAGAGGGAGCUGCUGAACAGCAUGGGGAUCAGCCAACCUACCGUAGUAUUUGUAAGCAAAAAAGGGCUGCAAAAAAUCCUGAACGUACAAAAAAAACUGCCUAUCAUCCAAAAAAUCAUCAUCAUGGACAGCAAAACCGACUACCAAGGGUUUCAAAGCAUGUACACCUUUGUAACCAGCCACCUGCCUCCUGGGUUUAACGAGUACGACUUUGUACCUGAGAGCUUUGACAGGGACAAAACCAUCGCGCUGAUCAUGAACAGCAGCGGGAGCACCGGGCUGCCUAAAGGGGUAGCGCUGCCUCACAGGACCGCGUGCGUAAGGUUUAGCCACGCGAGGGACCCUAUCUUUGGGAACCAAAUCAUCCCUGACACCGCGAUCCUGAGCGUAGUACCUUUUCACCACGGGUUUGGGAUGUUUACCACCCUGGGGUACCUGAUCUGCGGGUUUAGGGUAGUACUGAUGUACAGGUUUGAGGAGGAGCUGUUUCUGAGGAGCCUGCAAGACUACAAAAUCCAAAGCGCGCUGCUGGUACCUACCCUGUUUAGCUUUUUUGCGAAAAGCACCCUGAUCGACAAAUACGACCUGAGCAACCUGCACGAGAUCGCGAGCGGGGGGGCGCCUCUGAGCAAAGAGGUAGGGGAGGCGGUAGCGAAAAGGUUUCACCUGCCUGGGAUCAGGCAAGGGUACGGGCUGACCGAGACCACCAGCGCGAUCCUGAUCACCCCUGAGGGGGACGACAAACCUGGGGCGGUAGGGAAAGUAGUACCUUUUUUUGAGGCGAAAGUAGUAGACCUGGACACCGGGAAAACCCUGGGGGUAAACCAAAGGGGGGAGCUGUGCGUAAGGGGGCCUAUGAUCAUGAGCGGGUACGUAAACAACCCUGAGGCGACCAACGCGCUGAUCGACAAAGACGGGUGGCUGCACAGCGGGGACAUCGCGUACUGGGACGAGGACGAGCACUUUUUUAUCGUAGACAGGCUGAAAAGCCUGAUCAAAUACAAAGGGUACCAAGUAGCGCCUGCGGAGCUGGAGAGCAUCCUGCUGCAACACCCUAACAUCUUUGACGCGGGGGUAGCGGGGCUGCCUGACGACGACGCGGGGGAGCUGCCUGCGGCGGUAGUAGUACUGGAGCACGGGAAAACCAUGACCGAGAAAGAGAUCGUAGACUACGUAGCGAGCCAAGUAACCACCGCGAAAAAACUGAGGGGGGGGGUAGUAUUUGUAGACGAGGUACCUAAAGGGCUGACCGGGAAACUGGACGCGAGGAAAAUCAGGGAGAUCCUGAUCAAAGCGAAAAAAGGGGGGAAAAUCGCGGUA
2A-2C,Luciferase,L2,AUGGAAGAUGCCAAAAACAUCAAAAAAGGACCCGCCCCCUUUUACCCCCUCGAAGAUGGAACCGCCGGAGAACAACUCCACAAAGCCAUGAAACGGUACGCCCUCGUGCCCGGAACCAUCGCCUUUACCGAUGCCCACAUCGAAGUGGAUAUCACCUACGCCGAAUACUUUGAAAUGAGCGUGCGGCUCGCCGAAGCCAUGAAACGGUACGGACUCAACACCAACCACCGGAUCGUGGUGUGCAGCGAAAACAGCCUCCAAUUUUUUAUGCCCGUGCUCGGAGCCCUCUUUAUCGGAGUGGCCGUGGCCCCCGCCAACGAUAUCUACAACGAACGGGAACUCCUCAACAGCAUGGGAAUCAGCCAACCCACCGUGGUGUUUGUGAGCAAAAAAGGACUCCAAAAAAUCCUCAACGUGCAAAAAAAACUCCCCAUCAUCCAAAAAAUCAUCAUCAUGGAUAGCAAAACCGAUUACCAAGGAUUUCAAAGCAUGUACACCUUUGUGACCAGCCACCUCCCCCCCGGAUUUAACGAAUACGAUUUUGUGCCCGAAAGCUUUGAUCGGGAUAAAACCAUCGCCCUCAUCAUGAACAGCAGCGGAAGCACCGGACUCCCCAAAGGAGUGGCCCUCCCCCACCGGACCGCCUGCGUGCGGUUUAGCCACGCCCGGGAUCCCAUCUUUGGAAACCAAAUCAUCCCCGAUACCGCCAUCCUCAGCGUGGUGCCCUUUCACCACGGAUUUGGAAUGUUUACCACCCUCGGAUACCUCAUCUGCGGAUUUCGGGUGGUGCUCAUGUACCGGUUUGAAGAAGAACUCUUUCUCCGGAGCCUCCAAGAUUACAAAAUCCAAAGCGCCCUCCUCGUGCCCACCCUCUUUAGCUUUUUUGCCAAAAGCACCCUCAUCGAUAAAUACGAUCUCAGCAACCUCCACGAAAUCGCCAGCGGAGGAGCCCCCCUCAGCAAAGAAGUGGGAGAAGCCGUGGCCAAACGGUUUCACCUCCCCGGAAUCCGGCAAGGAUACGGACUCACCGAAACCACCAGCGCCAUCCUCAUCACCCCCGAAGGAGAUGAUAAACCCGGAGCCGUGGGAAAAGUGGUGCCCUUUUUUGAAGCCAAAGUGGUGGAUCUCGAUACCGGAAAAACCCUCGGAGUGAACCAACGGGGAGAACUCUGCGUGCGGGGACCCAUGAUCAUGAGCGGAUACGUGAACAACCCCGAAGCCACCAACGCCCUCAUCGAUAAAGAUGGAUGGCUCCACAGCGGAGAUAUCGCCUACUGGGAUGAAGAUGAACACUUUUUUAUCGUGGAUCGGCUCAAAAGCCUCAUCAAAUACAAAGGAUACCAAGUGGCCCCCGCCGAACUCGAAAGCAUCCUCCUCCAACACCCCAACAUCUUUGAUGCCGGAGUGGCCGGACUCCCCGAUGAUGAUGCCGGAGAACUCCCCGCCGCCGUGGUGGUGCUCGAACACGGAAAAACCAUGACCGAAAAAGAAAUCGUGGAUUACGUGGCCAGCCAAGUGACCACCGCCAAAAAACUCCGGGGAGGAGUGGUGUUUGUGGAUGAAGUGCCCAAAGGACUCACCGGAAAACUCGAUGCCCGGAAAAUCCGGGAAAUCCUCAUCAAAGCCAAAAAAGGAGGAAAAAUCGCCGUG
2A-2C,Luciferase,L3,AUGGAGGACGCCAAGAACAUCAAGAAGGGGCCAGCCCCAUUCUAUCCACUAGAGGACGGGACAGCCGGGGAGCAACUACAUAAGGCCAUGAAGAGGUAUGCCCUAGUCCCAGGGACAAUCGCCUUCACAGACGCCCAUAUCGAGGUCGACAUCACAUAUGCCGAGUAUUUCGAGAUGUCGGUCAGGCUAGCCGAGGCCAUGAAGAGGUAUGGGCUAAACACAAACCAUAGGAUCGUCGUCUGUUCGGAGAACUCGCUACAAUUCUUCAUGCCAGUCCUAGGGGCCCUAUUCAUCGGGGUCGCCGUCGCCCCAGCCAACGACAUCUAUAACGAGAGGGAGCUACUAAACUCGAUGGGGAUCUCGCAACCAACAGUCGUCUUCGUCUCGAAGAAGGGGCUACAAAAGAUCCUAAACGUCCAAAAGAAGCUACCAAUCAUCCAAAAGAUCAUCAUCAUGGACUCGAAGACAGACUAUCAAGGGUUCCAAUCGAUGUAUACAUUCGUCACAUCGCAUCUACCACCAGGGUUCAACGAGUAUGACUUCGUCCCAGAGUCGUUCGACAGGGACAAGACAAUCGCCCUAAUCAUGAACUCGUCGGGGUCGACAGGGCUACCAAAGGGGGUCGCCCUACCACAUAGGACAGCCUGUGUCAGGUUCUCGCAUGCCAGGGACCCAAUCUUCGGGAACCAAAUCAUCCCAGACACAGCCAUCCUAUCGGUCGUCCCAUUCCAUCAUGGGUUCGGGAUGUUCACAACACUAGGGUAUCUAAUCUGUGGGUUCAGGGUCGUCCUAAUGUAUAGGUUCGAGGAGGAGCUAUUCCUAAGGUCGCUACAAGACUAUAAGAUCCAAUCGGCCCUACUAGUCCCAACACUAUUCUCGUUCUUCGCCAAGUCGACACUAAUCGACAAGUAUGACCUAUCGAACCUACAUGAGAUCGCCUCGGGGGGGGCCCCACUAUCGAAGGAGGUCGGGGAGGCCGUCGCCAAGAGGUUCCAUCUACCAGGGAUCAGGCAAGGGUAUGGGCUAACAGAGACAACAUCGGCCAUCCUAAUCACACCAGAGGGGGACGACAAGCCAGGGGCCGUCGGGAAGGUCGUCCCAUUCUUCGAGGCCAAGGUCGUCGACCUAGACACAGGGAAGACACUAGGGGUCAACCAAAGGGGGGAGCUAUGUGUCAGGGGGCCAAUGAUCAUGUCGGGGUAUGUCAACAACCCAGAGGCCACAAACGCCCUAAUCGACAAGGACGGGUGGCUACAUUCGGGGGACAUCGCCUAUUGGGACGAGGACGAGCAUUUCUUCAUCGUCGACAGGCUAAAGUCGCUAAUCAAGUAUAAGGGGUAUCAAGUCGCCCCAGCCGAGCUAGAGUCGAUCCUACUACAACAUCCAAACAUCUUCGACGCCGGGGUCGCCGGGCUACCAGACGACGACGCCGGGGAGCUACCAGCCGCCGUCGUCGUCCUAGAGCAUGGGAAGACAAUGACAGAGAAGGAGAUCGUCGACUAUGUCGCCUCGCAAGUCACAACAGCCAAGAAGCUAAGGGGGGGGGUCGUCUUCGUCGACGAGGUCCCAAAGGGGCUAACAGGGAAGCUAGACGCCAGGAAGAUCAGGGAGAUCCUAAUCAAGGCCAAGAAGGGGGGGAAGAUCGCCGUC
2A-2C,Luciferase,L4,AUGGAGGACGCGAAAAAUAUCAAAAAAGGGCCGGCGCCGUUUUACCCGCUGGAGGACGGGACAGCGGGGGAGCAGCUGCAUAAAGCGAUGAAACGGUACGCGCUGGUACCGGGGACAAUCGCGUUUACAGACGCGCAUAUCGAGGUAGACAUCACAUACGCGGAGUACUUUGAGAUGAGCGUACGGCUGGCGGAGGCGAUGAAACGGUACGGGCUGAAUACAAAUCAUCGGAUCGUAGUAUGUAGCGAGAAUAGCCUGCAGUUUUUUAUGCCGGUACUGGGGGCGCUGUUUAUCGGGGUAGCGGUAGCGCCGGCGAAUGACAUCUACAAUGAGCGGGAGCUGCUGAAUAGCAUGGGGAUCAGCCAGCCGACAGUAGUAUUUGUAAGCAAAAAAGGGCUGCAGAAAAUCCUGAAUGUACAGAAAAAACUGCCGAUCAUCCAGAAAAUCAUCAUCAUGGACAGCAAAACAGACUACCAGGGGUUUCAGAGCAUGUACACAUUUGUAACAAGCCAUCUGCCGCCGGGGUUUAAUGAGUACGACUUUGUACCGGAGAGCUUUGACCGGGACAAAACAAUCGCGCUGAUCAUGAAUAGCAGCGGGAGCACAGGGCUGCCGAAAGGGGUAGCGCUGCCGCAUCGGACAGCGUGUGUACGGUUUAGCCAUGCGCGGGACCCGAUCUUUGGGAAUCAGAUCAUCCCGGACACAGCGAUCCUGAGCGUAGUACCGUUUCAUCAUGGGUUUGGGAUGUUUACAACACUGGGGUACCUGAUCUGUGGGUUUCGGGUAGUACUGAUGUACCGGUUUGAGGAGGAGCUGUUUCUGCGGAGCCUGCAGGACUACAAAAUCCAGAGCGCGCUGCUGGUACCGACACUGUUUAGCUUUUUUGCGAAAAGCACACUGAUCGACAAAUACGACCUGAGCAAUCUGCAUGAGAUCGCGAGCGGGGGGGCGCCGCUGAGCAAAGAGGUAGGGGAGGCGGUAGCGAAACGGUUUCAUCUGCCGGGGAUCCGGCAGGGGUACGGGCUGACAGAGACAACAAGCGCGAUCCUGAUCACACCGGAGGGGGACGACAAACCGGGGGCGGUAGGGAAAGUAGUACCGUUUUUUGAGGCGAAAGUAGUAGACCUGGACACAGGGAAAACACUGGGGGUAAAUCAGCGGGGGGAGCUGUGUGUACGGGGGCCGAUGAUCAUGAGCGGGUACGUAAAUAAUCCGGAGGCGACAAAUGCGCUGAUCGACAAAGACGGGUGGCUGCAUAGCGGGGACAUCGCGUACUGGGACGAGGACGAGCAUUUUUUUAUCGUAGACCGGCUGAAAAGCCUGAUCAAAUACAAAGGGUACCAGGUAGCGCCGGCGGAGCUGGAGAGCAUCCUGCUGCAGCAUCCGAAUAUCUUUGACGCGGGGGUAGCGGGGCUGCCGGACGACGACGCGGGGGAGCUGCCGGCGGCGGUAGUAGUACUGGAGCAUGGGAAAACAAUGACAGAGAAAGAGAUCGUAGACUACGUAGCGAGCCAGGUAACAACAGCGAAAAAACUGCGGGGGGGGGUAGUAUUUGUAGACGAGGUACCGAAAGGGCUGACAGGGAAACUGGACGCGCGGAAAAUCCGGGAGAUCCUGAUCAAAGCGAAAAAAGGGGGGAAAAUCGCGGUA
2A-2C,Luciferase,L5,AUGGAAGAUGCCAAGAACAUCAAGAAGGGGCCCGCCCCCUUUUACCCCCUCGAAGAUGGGACCGCCGGGGAACAGCUCCACAAGGCCAUGAAGAGAUACGCCCUCGUCCCCGGGACCAUCGCCUUUACCGAUGCCCACAUCGAAGUCGAUAUCACCUACGCCGAAUACUUUGAAAUGAGCGUCAGACUCGCCGAAGCCAUGAAGAGAUACGGGCUCAACACCAACCACAGAAUCGUCGUCUGUAGCGAAAACAGCCUCCAGUUUUUUAUGCCCGUCCUCGGGGCCCUCUUUAUCGGGGUCGCCGUCGCCCCCGCCAACGAUAUCUACAACGAAAGAGAACUCCUCAACAGCAUGGGGAUCAGCCAGCCCACCGUCGUCUUUGUCAGCAAGAAGGGGCUCCAGAAGAUCCUCAACGUCCAGAAGAAGCUCCCCAUCAUCCAGAAGAUCAUCAUCAUGGAUAGCAAGACCGAUUACCAGGGGUUUCAGAGCAUGUACACCUUUGUCACCAGCCACCUCCCCCCCGGGUUUAACGAAUACGAUUUUGUCCCCGAAAGCUUUGAUAGAGAUAAGACCAUCGCCCUCAUCAUGAACAGCAGCGGGAGCACCGGGCUCCCCAAGGGGGUCGCCCUCCCCCACAGAACCGCCUGUGUCAGAUUUAGCCACGCCAGAGAUCCCAUCUUUGGGAACCAGAUCAUCCCCGAUACCGCCAUCCUCAGCGUCGUCCCCUUUCACCACGGGUUUGGGAUGUUUACCACCCUCGGGUACCUCAUCUGUGGGUUUAGAGUCGUCCUCAUGUACAGAUUUGAAGAAGAACUCUUUCUCAGAAGCCUCCAGGAUUACAAGAUCCAGAGCGCCCUCCUCGUCCCCACCCUCUUUAGCUUUUUUGCCAAGAGCACCCUCAUCGAUAAGUACGAUCUCAGCAACCUCCACGAAAUCGCCAGCGGGGGGGCCCCCCUCAGCAAGGAAGUCGGGGAAGCCGUCGCCAAGAGAUUUCACCUCCCCGGGAUCAGACAGGGGUACGGGCUCACCGAAACCACCAGCGCCAUCCUCAUCACCCCCGAAGGGGAUGAUAAGCCCGGGGCCGUCGGGAAGGUCGUCCCCUUUUUUGAAGCCAAGGUCGUCGAUCUCGAUACCGGGAAGACCCUCGGGGUCAACCAGAGAGGGGAACUCUGUGUCAGAGGGCCCAUGAUCAUGAGCGGGUACGUCAACAACCCCGAAGCCACCAACGCCCUCAUCGAUAAGGAUGGGUGGCUCCACAGCGGGGAUAUCGCCUACUGGGAUGAAGAUGAACACUUUUUUAUCGUCGAUAGACUCAAGAGCCUCAUCAAGUACAAGGGGUACCAGGUCGCCCCCGCCGAACUCGAAAGCAUCCUCCUCCAGCACCCCAACAUCUUUGAUGCCGGGGUCGCCGGGCUCCCCGAUGAUGAUGCCGGGGAACUCCCCGCCGCCGUCGUCGUCCUCGAACACGGGAAGACCAUGACCGAAAAGGAAAUCGUCGAUUACGUCGCCAGCCAGGUCACCACCGCCAAGAAGCUCAGAGGGGGGGUCGUCUUUGUCGAUGAAGUCCCCAAGGGGCUCACCGGGAAGCUCGAUGCCAGAAAGAUCAGAGAAAUCCUCAUCAAGGCCAAGAAGGGGGGGAAGAUCGCCGUC
2A-2C,Luciferase,L6,AUGGAGGACGCAAAAAAUAUAAAAAAAGGCCCGGCACCGUUCUAUCCGCUAGAGGACGGCACUGCAGGCGAGCAACUACACAAAGCAAUGAAACGAUAUGCACUAGUCCCGGGCACUAUAGCAUUCACUGACGCACACAUAGAGGUCGACAUAACUUAUGCAGAGUAUUUCGAGAUGAGCGUCCGACUAGCAGAGGCAAUGAAACGAUAUGGCCUAAAUACUAAUCACCGAAUAGUCGUCUGUAGCGAGAAUAGCCUACAAUUCUUCAUGCCGGUCCUAGGCGCACUAUUCAUAGGCGUCGCAGUCGCACCGGCAAAUGACAUAUAUAAUGAGCGAGAGCUACUAAAUAGCAUGGGCAUAAGCCAACCGACUGUCGUCUUCGUCAGCAAAAAAGGCCUACAAAAAAUACUAAAUGUCCAAAAAAAACUACCGAUAAUACAAAAAAUAAUAAUAAUGGACAGCAAAACUGACUAUCAAGGCUUCCAAAGCAUGUAUACUUUCGUCACUAGCCACCUACCGCCGGGCUUCAAUGAGUAUGACUUCGUCCCGGAGAGCUUCGACCGAGACAAAACUAUAGCACUAAUAAUGAAUAGCAGCGGCAGCACUGGCCUACCGAAAGGCGUCGCACUACCGCACCGAACUGCAUGUGUCCGAUUCAGCCACGCACGAGACCCGAUAUUCGGCAAUCAAAUAAUACCGGACACUGCAAUACUAAGCGUCGUCCCGUUCCACCACGGCUUCGGCAUGUUCACUACUCUAGGCUAUCUAAUAUGUGGCUUCCGAGUCGUCCUAAUGUAUCGAUUCGAGGAGGAGCUAUUCCUACGAAGCCUACAAGACUAUAAAAUACAAAGCGCACUACUAGUCCCGACUCUAUUCAGCUUCUUCGCAAAAAGCACUCUAAUAGACAAAUAUGACCUAAGCAAUCUACACGAGAUAGCAAGCGGCGGCGCACCGCUAAGCAAAGAGGUCGGCGAGGCAGUCGCAAAACGAUUCCACCUACCGGGCAUACGACAAGGCUAUGGCCUAACUGAGACUACUAGCGCAAUACUAAUAACUCCGGAGGGCGACGACAAACCGGGCGCAGUCGGCAAAGUCGUCCCGUUCUUCGAGGCAAAAGUCGUCGACCUAGACACUGGCAAAACUCUAGGCGUCAAUCAACGAGGCGAGCUAUGUGUCCGAGGCCCGAUGAUAAUGAGCGGCUAUGUCAAUAAUCCGGAGGCAACUAAUGCACUAAUAGACAAAGACGGCUGGCUACACAGCGGCGACAUAGCAUAUUGGGACGAGGACGAGCACUUCUUCAUAGUCGACCGACUAAAAAGCCUAAUAAAAUAUAAAGGCUAUCAAGUCGCACCGGCAGAGCUAGAGAGCAUACUACUACAACACCCGAAUAUAUUCGACGCAGGCGUCGCAGGCCUACCGGACGACGACGCAGGCGAGCUACCGGCAGCAGUCGUCGUCCUAGAGCACGGCAAAACUAUGACUGAGAAAGAGAUAGUCGACUAUGUCGCAAGCCAAGUCACUACUGCAAAAAAACUACGAGGCGGCGUCGUCUUCGUCGACGAGGUCCCGAAAGGCCUAACUGGCAAACUAGACGCACGAAAAAUACGAGAGAUACUAAUAAAAGCAAAAAAAGGCGGCAAAAUAGCAGUC
2A-2C,Luciferase,L7,AUGGAAGACGCCAAAAACAUCAAAAAAGGCCCAGCCCCAUUCUAUCCACUGGAAGACGGCACGGCCGGCGAACAGCUGCACAAAGCCAUGAAACGUUAUGCCCUGGUGCCAGGCACGAUCGCCUUCACGGACGCCCACAUCGAAGUGGACAUCACGUAUGCCGAAUAUUUCGAAAUGUCGGUGCGUCUGGCCGAAGCCAUGAAACGUUAUGGCCUGAACACGAACCACCGUAUCGUGGUGUGUUCGGAAAACUCGCUGCAGUUCUUCAUGCCAGUGCUGGGCGCCCUGUUCAUCGGCGUGGCCGUGGCCCCAGCCAACGACAUCUAUAACGAACGUGAACUGCUGAACUCGAUGGGCAUCUCGCAGCCAACGGUGGUGUUCGUGUCGAAAAAAGGCCUGCAGAAAAUCCUGAACGUGCAGAAAAAACUGCCAAUCAUCCAGAAAAUCAUCAUCAUGGACUCGAAAACGGACUAUCAGGGCUUCCAGUCGAUGUAUACGUUCGUGACGUCGCACCUGCCACCAGGCUUCAACGAAUAUGACUUCGUGCCAGAAUCGUUCGACCGUGACAAAACGAUCGCCCUGAUCAUGAACUCGUCGGGCUCGACGGGCCUGCCAAAAGGCGUGGCCCUGCCACACCGUACGGCCUGUGUGCGUUUCUCGCACGCCCGUGACCCAAUCUUCGGCAACCAGAUCAUCCCAGACACGGCCAUCCUGUCGGUGGUGCCAUUCCACCACGGCUUCGGCAUGUUCACGACGCUGGGCUAUCUGAUCUGUGGCUUCCGUGUGGUGCUGAUGUAUCGUUUCGAAGAAGAACUGUUCCUGCGUUCGCUGCAGGACUAUAAAAUCCAGUCGGCCCUGCUGGUGCCAACGCUGUUCUCGUUCUUCGCCAAAUCGACGCUGAUCGACAAAUAUGACCUGUCGAACCUGCACGAAAUCGCCUCGGGCGGCGCCCCACUGUCGAAAGAAGUGGGCGAAGCCGUGGCCAAACGUUUCCACCUGCCAGGCAUCCGUCAGGGCUAUGGCCUGACGGAAACGACGUCGGCCAUCCUGAUCACGCCAGAAGGCGACGACAAACCAGGCGCCGUGGGCAAAGUGGUGCCAUUCUUCGAAGCCAAAGUGGUGGACCUGGACACGGGCAAAACGCUGGGCGUGAACCAGCGUGGCGAACUGUGUGUGCGUGGCCCAAUGAUCAUGUCGGGCUAUGUGAACAACCCAGAAGCCACGAACGCCCUGAUCGACAAAGACGGCUGGCUGCACUCGGGCGACAUCGCCUAUUGGGACGAAGACGAACACUUCUUCAUCGUGGACCGUCUGAAAUCGCUGAUCAAAUAUAAAGGCUAUCAGGUGGCCCCAGCCGAACUGGAAUCGAUCCUGCUGCAGCACCCAAACAUCUUCGACGCCGGCGUGGCCGGCCUGCCAGACGACGACGCCGGCGAACUGCCAGCCGCCGUGGUGGUGCUGGAACACGGCAAAACGAUGACGGAAAAAGAAAUCGUGGACUAUGUGGCCUCGCAGGUGACGACGGCCAAAAAACUGCGUGGCGGCGUGGUGUUCGUGGACGAAGUGCCAAAAGGCCUGACGGGCAAACUGGACGCCCGUAAAAUCCGUGAAAUCCUGAUCAAAGCCAAAAAAGGCGGCAAAAUCGCCGUG
2A-2C,Luciferase,L8,AUGGAAGACGCGAAGAACAUAAAGAAGGGUCCCGCGCCCUUCUACCCCCUCGAAGACGGUACGGCGGGUGAACAACUCCACAAGGCGAUGAAGCGGUACGCGCUCGUGCCCGGUACGAUAGCGUUCACGGACGCGCACAUAGAAGUGGACAUAACGUACGCGGAAUACUUCGAAAUGUCCGUGCGGCUCGCGGAAGCGAUGAAGCGGUACGGUCUCAACACGAACCACCGGAUAGUGGUGUGCUCCGAAAACUCCCUCCAAUUCUUCAUGCCCGUGCUCGGUGCGCUCUUCAUAGGUGUGGCGGUGGCGCCCGCGAACGACAUAUACAACGAACGGGAACUCCUCAACUCCAUGGGUAUAUCCCAACCCACGGUGGUGUUCGUGUCCAAGAAGGGUCUCCAAAAGAUACUCAACGUGCAAAAGAAGCUCCCCAUAAUACAAAAGAUAAUAAUAAUGGACUCCAAGACGGACUACCAAGGUUUCCAAUCCAUGUACACGUUCGUGACGUCCCACCUCCCCCCCGGUUUCAACGAAUACGACUUCGUGCCCGAAUCCUUCGACCGGGACAAGACGAUAGCGCUCAUAAUGAACUCCUCCGGUUCCACGGGUCUCCCCAAGGGUGUGGCGCUCCCCCACCGGACGGCGUGCGUGCGGUUCUCCCACGCGCGGGACCCCAUAUUCGGUAACCAAAUAAUACCCGACACGGCGAUACUCUCCGUGGUGCCCUUCCACCACGGUUUCGGUAUGUUCACGACGCUCGGUUACCUCAUAUGCGGUUUCCGGGUGGUGCUCAUGUACCGGUUCGAAGAAGAACUCUUCCUCCGGUCCCUCCAAGACUACAAGAUACAAUCCGCGCUCCUCGUGCCCACGCUCUUCUCCUUCUUCGCGAAGUCCACGCUCAUAGACAAGUACGACCUCUCCAACCUCCACGAAAUAGCGUCCGGUGGUGCGCCCCUCUCCAAGGAAGUGGGUGAAGCGGUGGCGAAGCGGUUCCACCUCCCCGGUAUACGGCAAGGUUACGGUCUCACGGAAACGACGUCCGCGAUACUCAUAACGCCCGAAGGUGACGACAAGCCCGGUGCGGUGGGUAAGGUGGUGCCCUUCUUCGAAGCGAAGGUGGUGGACCUCGACACGGGUAAGACGCUCGGUGUGAACCAACGGGGUGAACUCUGCGUGCGGGGUCCCAUGAUAAUGUCCGGUUACGUGAACAACCCCGAAGCGACGAACGCGCUCAUAGACAAGGACGGUUGGCUCCACUCCGGUGACAUAGCGUACUGGGACGAAGACGAACACUUCUUCAUAGUGGACCGGCUCAAGUCCCUCAUAAAGUACAAGGGUUACCAAGUGGCGCCCGCGGAACUCGAAUCCAUACUCCUCCAACACCCCAACAUAUUCGACGCGGGUGUGGCGGGUCUCCCCGACGACGACGCGGGUGAACUCCCCGCGGCGGUGGUGGUGCUCGAACACGGUAAGACGAUGACGGAAAAGGAAAUAGUGGACUACGUGGCGUCCCAAGUGACGACGGCGAAGAAGCUCCGGGGUGGUGUGGUGUUCGUGGACGAAGUGCCCAAGGGUCUCACGGGUAAGCUCGACGCGCGGAAGAUACGGGAAAUACUCAUAAAGGCGAAGAAGGGUGGUAAGAUAGCGGUG
2A-2C,Luciferase,L9,AUGGAGGACGCGAAGAAUAUCAAGAAGGGGCCGGCGCCGUUCUACCCGUUAGAGGACGGGACAGCGGGGGAGCAAUUACAUAAGGCGAUGAAGAGGUACGCGUUAGUCCCGGGGACAAUCGCGUUCACAGACGCGCAUAUCGAGGUCGACAUCACAUACGCGGAGUACUUCGAGAUGAGCGUCAGGUUAGCGGAGGCGAUGAAGAGGUACGGGUUAAAUACAAAUCAUAGGAUCGUCGUCUGCAGCGAGAAUAGCUUACAAUUCUUCAUGCCGGUCUUAGGGGCGUUAUUCAUCGGGGUCGCGGUCGCGCCGGCGAAUGACAUCUACAAUGAGAGGGAGUUAUUAAAUAGCAUGGGGAUCAGCCAACCGACAGUCGUCUUCGUCAGCAAGAAGGGGUUACAAAAGAUCUUAAAUGUCCAAAAGAAGUUACCGAUCAUCCAAAAGAUCAUCAUCAUGGACAGCAAGACAGACUACCAAGGGUUCCAAAGCAUGUACACAUUCGUCACAAGCCAUUUACCGCCGGGGUUCAAUGAGUACGACUUCGUCCCGGAGAGCUUCGACAGGGACAAGACAAUCGCGUUAAUCAUGAAUAGCAGCGGGAGCACAGGGUUACCGAAGGGGGUCGCGUUACCGCAUAGGACAGCGUGCGUCAGGUUCAGCCAUGCGAGGGACCCGAUCUUCGGGAAUCAAAUCAUCCCGGACACAGCGAUCUUAAGCGUCGUCCCGUUCCAUCAUGGGUUCGGGAUGUUCACAACAUUAGGGUACUUAAUCUGCGGGUUCAGGGUCGUCUUAAUGUACAGGUUCGAGGAGGAGUUAUUCUUAAGGAGCUUACAAGACUACAAGAUCCAAAGCGCGUUAUUAGUCCCGACAUUAUUCAGCUUCUUCGCGAAGAGCACAUUAAUCGACAAGUACGACUUAAGCAAUUUACAUGAGAUCGCGAGCGGGGGGGCGCCGUUAAGCAAGGAGGUCGGGGAGGCGGUCGCGAAGAGGUUCCAUUUACCGGGGAUCAGGCAAGGGUACGGGUUAACAGAGACAACAAGCGCGAUCUUAAUCACACCGGAGGGGGACGACAAGCCGGGGGCGGUCGGGAAGGUCGUCCCGUUCUUCGAGGCGAAGGUCGUCGACUUAGACACAGGGAAGACAUUAGGGGUCAAUCAAAGGGGGGAGUUAUGCGUCAGGGGGCCGAUGAUCAUGAGCGGGUACGUCAAUAAUCCGGAGGCGACAAAUGCGUUAAUCGACAAGGACGGGUGGUUACAUAGCGGGGACAUCGCGUACUGGGACGAGGACGAGCAUUUCUUCAUCGUCGACAGGUUAAAGAGCUUAAUCAAGUACAAGGGGUACCAAGUCGCGCCGGCGGAGUUAGAGAGCAUCUUAUUACAACAUCCGAAUAUCUUCGACGCGGGGGUCGCGGGGUUACCGGACGACGACGCGGGGGAGUUACCGGCGGCGGUCGUCGUCUUAGAGCAUGGGAAGACAAUGACAGAGAAGGAGAUCGUCGACUACGUCGCGAGCCAAGUCACAACAGCGAAGAAGUUAAGGGGGGGGGUCGUCUUCGUCGACGAGGUCCCGAAGGGGUUAACAGGGAAGUUAGACGCGAGGAAGAUCAGGGAGAUCUUAAUCAAGGCGAAGAAGGGGGGGAAGAUCGCGGUC
2A-2C,Luciferase,L10,AUGGAGGACGCAAAGAAUAUAAAGAAGGGACCCGCACCCUUCUAUCCCCUAGAGGACGGAACAGCAGGAGAGCAGCUACACAAGGCAAUGAAGAGAUAUGCACUAGUACCCGGAACAAUAGCAUUCACAGACGCACACAUAGAGGUAGACAUAACAUAUGCAGAGUAUUUCGAGAUGUCUGUAAGACUAGCAGAGGCAAUGAAGAGAUAUGGACUAAAUACAAAUCACAGAAUAGUAGUAUGCUCUGAGAAUUCUCUACAGUUCUUCAUGCCCGUACUAGGAGCACUAUUCAUAGGAGUAGCAGUAGCACCCGCAAAUGACAUAUAUAAUGAGAGAGAGCUACUAAAUUCUAUGGGAAUAUCUCAGCCCACAGUAGUAUUCGUAUCUAAGAAGGGACUACAGAAGAUACUAAAUGUACAGAAGAAGCUACCCAUAAUACAGAAGAUAAUAAUAAUGGACUCUAAGACAGACUAUCAGGGAUUCCAGUCUAUGUAUACAUUCGUAACAUCUCACCUACCCCCCGGAUUCAAUGAGUAUGACUUCGUACCCGAGUCUUUCGACAGAGACAAGACAAUAGCACUAAUAAUGAAUUCUUCUGGAUCUACAGGACUACCCAAGGGAGUAGCACUACCCCACAGAACAGCAUGCGUAAGAUUCUCUCACGCAAGAGACCCCAUAUUCGGAAAUCAGAUAAUACCCGACACAGCAAUACUAUCUGUAGUACCCUUCCACCACGGAUUCGGAAUGUUCACAACACUAGGAUAUCUAAUAUGCGGAUUCAGAGUAGUACUAAUGUAUAGAUUCGAGGAGGAGCUAUUCCUAAGAUCUCUACAGGACUAUAAGAUACAGUCUGCACUACUAGUACCCACACUAUUCUCUUUCUUCGCAAAGUCUACACUAAUAGACAAGUAUGACCUAUCUAAUCUACACGAGAUAGCAUCUGGAGGAGCACCCCUAUCUAAGGAGGUAGGAGAGGCAGUAGCAAAGAGAUUCCACCUACCCGGAAUAAGACAGGGAUAUGGACUAACAGAGACAACAUCUGCAAUACUAAUAACACCCGAGGGAGACGACAAGCCCGGAGCAGUAGGAAAGGUAGUACCCUUCUUCGAGGCAAAGGUAGUAGACCUAGACACAGGAAAGACACUAGGAGUAAAUCAGAGAGGAGAGCUAUGCGUAAGAGGACCCAUGAUAAUGUCUGGAUAUGUAAAUAAUCCCGAGGCAACAAAUGCACUAAUAGACAAGGACGGAUGGCUACACUCUGGAGACAUAGCAUAUUGGGACGAGGACGAGCACUUCUUCAUAGUAGACAGACUAAAGUCUCUAAUAAAGUAUAAGGGAUAUCAGGUAGCACCCGCAGAGCUAGAGUCUAUACUACUACAGCACCCCAAUAUAUUCGACGCAGGAGUAGCAGGACUACCCGACGACGACGCAGGAGAGCUACCCGCAGCAGUAGUAGUACUAGAGCACGGAAAGACAAUGACAGAGAAGGAGAUAGUAGACUAUGUAGCAUCUCAGGUAACAACAGCAAAGAAGCUAAGAGGAGGAGUAGUAUUCGUAGACGAGGUACCCAAGGGACUAACAGGAAAGCUAGACGCAAGAAAGAUAAGAGAGAUACUAAUAAAGGCAAAGAAGGGAGGAAAGAUAGCAGUA
2A-2C,Luciferase,L11,AUGGAAGAUGCGAAGAAUAUAAAGAAGGGCCCAGCGCCAUUCUACCCACUCGAAGAUGGCACAGCGGGCGAACAGCUCCAUAAGGCGAUGAAGCGAUACGCGCUCGUCCCAGGCACAAUAGCGUUCACAGAUGCGCAUAUAGAAGUCGAUAUAACAUACGCGGAAUACUUCGAAAUGUCGGUCCGACUCGCGGAAGCGAUGAAGCGAUACGGCCUCAAUACAAAUCAUCGAAUAGUCGUCUGUUCGGAAAAUUCGCUCCAGUUCUUCAUGCCAGUCCUCGGCGCGCUCUUCAUAGGCGUCGCGGUCGCGCCAGCGAAUGAUAUAUACAAUGAACGAGAACUCCUCAAUUCGAUGGGCAUAUCGCAGCCAACAGUCGUCUUCGUCUCGAAGAAGGGCCUCCAGAAGAUACUCAAUGUCCAGAAGAAGCUCCCAAUAAUACAGAAGAUAAUAAUAAUGGAUUCGAAGACAGAUUACCAGGGCUUCCAGUCGAUGUACACAUUCGUCACAUCGCAUCUCCCACCAGGCUUCAAUGAAUACGAUUUCGUCCCAGAAUCGUUCGAUCGAGAUAAGACAAUAGCGCUCAUAAUGAAUUCGUCGGGCUCGACAGGCCUCCCAAAGGGCGUCGCGCUCCCACAUCGAACAGCGUGUGUCCGAUUCUCGCAUGCGCGAGAUCCAAUAUUCGGCAAUCAGAUAAUACCAGAUACAGCGAUACUCUCGGUCGUCCCAUUCCAUCAUGGCUUCGGCAUGUUCACAACACUCGGCUACCUCAUAUGUGGCUUCCGAGUCGUCCUCAUGUACCGAUUCGAAGAAGAACUCUUCCUCCGAUCGCUCCAGGAUUACAAGAUACAGUCGGCGCUCCUCGUCCCAACACUCUUCUCGUUCUUCGCGAAGUCGACACUCAUAGAUAAGUACGAUCUCUCGAAUCUCCAUGAAAUAGCGUCGGGCGGCGCGCCACUCUCGAAGGAAGUCGGCGAAGCGGUCGCGAAGCGAUUCCAUCUCCCAGGCAUACGACAGGGCUACGGCCUCACAGAAACAACAUCGGCGAUACUCAUAACACCAGAAGGCGAUGAUAAGCCAGGCGCGGUCGGCAAGGUCGUCCCAUUCUUCGAAGCGAAGGUCGUCGAUCUCGAUACAGGCAAGACACUCGGCGUCAAUCAGCGAGGCGAACUCUGUGUCCGAGGCCCAAUGAUAAUGUCGGGCUACGUCAAUAAUCCAGAAGCGACAAAUGCGCUCAUAGAUAAGGAUGGCUGGCUCCAUUCGGGCGAUAUAGCGUACUGGGAUGAAGAUGAACAUUUCUUCAUAGUCGAUCGACUCAAGUCGCUCAUAAAGUACAAGGGCUACCAGGUCGCGCCAGCGGAACUCGAAUCGAUACUCCUCCAGCAUCCAAAUAUAUUCGAUGCGGGCGUCGCGGGCCUCCCAGAUGAUGAUGCGGGCGAACUCCCAGCGGCGGUCGUCGUCCUCGAACAUGGCAAGACAAUGACAGAAAAGGAAAUAGUCGAUUACGUCGCGUCGCAGGUCACAACAGCGAAGAAGCUCCGAGGCGGCGUCGUCUUCGUCGAUGAAGUCCCAAAGGGCCUCACAGGCAAGCUCGAUGCGCGAAAGAUACGAGAAAUACUCAUAAAGGCGAAGAAGGGCGGCAAGAUAGCGGUC
2A-2C,Luciferase,L12,AUGGAGGACGCUAAGAACAUCAAGAAGGGACCCGCUCCCUUUUACCCCCUCGAGGACGGAACAGCUGGAGAGCAGCUCCACAAGGCUAUGAAGAGGUACGCUCUCGUCCCCGGAACAAUCGCUUUUACAGACGCUCACAUCGAGGUCGACAUCACAUACGCUGAGUACUUUGAGAUGUCCGUCAGGCUCGCUGAGGCUAUGAAGAGGUACGGACUCAACACAAACCACAGGAUCGUCGUCUGCUCCGAGAACUCCCUCCAGUUUUUUAUGCCCGUCCUCGGAGCUCUCUUUAUCGGAGUCGCUGUCGCUCCCGCUAACGACAUCUACAACGAGAGGGAGCUCCUCAACUCCAUGGGAAUCUCCCAGCCCACAGUCGUCUUUGUCUCCAAGAAGGGACUCCAGAAGAUCCUCAACGUCCAGAAGAAGCUCCCCAUCAUCCAGAAGAUCAUCAUCAUGGACUCCAAGACAGACUACCAGGGAUUUCAGUCCAUGUACACAUUUGUCACAUCCCACCUCCCCCCCGGAUUUAACGAGUACGACUUUGUCCCCGAGUCCUUUGACAGGGACAAGACAAUCGCUCUCAUCAUGAACUCCUCCGGAUCCACAGGACUCCCCAAGGGAGUCGCUCUCCCCCACAGGACAGCUUGCGUCAGGUUUUCCCACGCUAGGGACCCCAUCUUUGGAAACCAGAUCAUCCCCGACACAGCUAUCCUCUCCGUCGUCCCCUUUCACCACGGAUUUGGAAUGUUUACAACACUCGGAUACCUCAUCUGCGGAUUUAGGGUCGUCCUCAUGUACAGGUUUGAGGAGGAGCUCUUUCUCAGGUCCCUCCAGGACUACAAGAUCCAGUCCGCUCUCCUCGUCCCCACACUCUUUUCCUUUUUUGCUAAGUCCACACUCAUCGACAAGUACGACCUCUCCAACCUCCACGAGAUCGCUUCCGGAGGAGCUCCCCUCUCCAAGGAGGUCGGAGAGGCUGUCGCUAAGAGGUUUCACCUCCCCGGAAUCAGGCAGGGAUACGGACUCACAGAGACAACAUCCGCUAUCCUCAUCACACCCGAGGGAGACGACAAGCCCGGAGCUGUCGGAAAGGUCGUCCCCUUUUUUGAGGCUAAGGUCGUCGACCUCGACACAGGAAAGACACUCGGAGUCAACCAGAGGGGAGAGCUCUGCGUCAGGGGACCCAUGAUCAUGUCCGGAUACGUCAACAACCCCGAGGCUACAAACGCUCUCAUCGACAAGGACGGAUGGCUCCACUCCGGAGACAUCGCUUACUGGGACGAGGACGAGCACUUUUUUAUCGUCGACAGGCUCAAGUCCCUCAUCAAGUACAAGGGAUACCAGGUCGCUCCCGCUGAGCUCGAGUCCAUCCUCCUCCAGCACCCCAACAUCUUUGACGCUGGAGUCGCUGGACUCCCCGACGACGACGCUGGAGAGCUCCCCGCUGCUGUCGUCGUCCUCGAGCACGGAAAGACAAUGACAGAGAAGGAGAUCGUCGACUACGUCGCUUCCCAGGUCACAACAGCUAAGAAGCUCAGGGGAGGAGUCGUCUUUGUCGACGAGGUCCCCAAGGGACUCACAGGAAAGCUCGACGCUAGGAAGAUCAGGGAGAUCCUCAUCAAGGCUAAGAAGGGAGGAAAGAUCGCUGUC
2A-2C,Luciferase,L13,AUGGAGGAUGCAAAAAAUAUCAAAAAAGGCCCGGCACCGUUCUACCCGUUGGAGGAUGGCACGGCAGGCGAGCAGUUGCACAAAGCAAUGAAAAGAUACGCAUUGGUGCCGGGCACGAUCGCAUUCACGGAUGCACACAUCGAGGUGGAUAUCACGUACGCAGAGUACUUCGAGAUGAGCGUGAGAUUGGCAGAGGCAAUGAAAAGAUACGGCUUGAAUACGAAUCACAGAAUCGUGGUGUGUAGCGAGAAUAGCUUGCAGUUCUUCAUGCCGGUGUUGGGCGCAUUGUUCAUCGGCGUGGCAGUGGCACCGGCAAAUGAUAUCUACAAUGAGAGAGAGUUGUUGAAUAGCAUGGGCAUCAGCCAGCCGACGGUGGUGUUCGUGAGCAAAAAAGGCUUGCAGAAAAUCUUGAAUGUGCAGAAAAAAUUGCCGAUCAUCCAGAAAAUCAUCAUCAUGGAUAGCAAAACGGAUUACCAGGGCUUCCAGAGCAUGUACACGUUCGUGACGAGCCACUUGCCGCCGGGCUUCAAUGAGUACGAUUUCGUGCCGGAGAGCUUCGAUAGAGAUAAAACGAUCGCAUUGAUCAUGAAUAGCAGCGGCAGCACGGGCUUGCCGAAAGGCGUGGCAUUGCCGCACAGAACGGCAUGUGUGAGAUUCAGCCACGCAAGAGAUCCGAUCUUCGGCAAUCAGAUCAUCCCGGAUACGGCAAUCUUGAGCGUGGUGCCGUUCCACCACGGCUUCGGCAUGUUCACGACGUUGGGCUACUUGAUCUGUGGCUUCAGAGUGGUGUUGAUGUACAGAUUCGAGGAGGAGUUGUUCUUGAGAAGCUUGCAGGAUUACAAAAUCCAGAGCGCAUUGUUGGUGCCGACGUUGUUCAGCUUCUUCGCAAAAAGCACGUUGAUCGAUAAAUACGAUUUGAGCAAUUUGCACGAGAUCGCAAGCGGCGGCGCACCGUUGAGCAAAGAGGUGGGCGAGGCAGUGGCAAAAAGAUUCCACUUGCCGGGCAUCAGACAGGGCUACGGCUUGACGGAGACGACGAGCGCAAUCUUGAUCACGCCGGAGGGCGAUGAUAAACCGGGCGCAGUGGGCAAAGUGGUGCCGUUCUUCGAGGCAAAAGUGGUGGAUUUGGAUACGGGCAAAACGUUGGGCGUGAAUCAGAGAGGCGAGUUGUGUGUGAGAGGCCCGAUGAUCAUGAGCGGCUACGUGAAUAAUCCGGAGGCAACGAAUGCAUUGAUCGAUAAAGAUGGCUGGUUGCACAGCGGCGAUAUCGCAUACUGGGAUGAGGAUGAGCACUUCUUCAUCGUGGAUAGAUUGAAAAGCUUGAUCAAAUACAAAGGCUACCAGGUGGCACCGGCAGAGUUGGAGAGCAUCUUGUUGCAGCACCCGAAUAUCUUCGAUGCAGGCGUGGCAGGCUUGCCGGAUGAUGAUGCAGGCGAGUUGCCGGCAGCAGUGGUGGUGUUGGAGCACGGCAAAACGAUGACGGAGAAAGAGAUCGUGGAUUACGUGGCAAGCCAGGUGACGACGGCAAAAAAAUUGAGAGGCGGCGUGGUGUUCGUGGAUGAGGUGCCGAAAGGCUUGACGGGCAAAUUGGAUGCAAGAAAAAUCAGAGAGAUCUUGAUCAAAGCAAAAAAAGGCGGCAAAAUCGCAGUG
2A-2C,Luciferase,L14,AUGGAAGACGCAAAGAAUAUCAAGAAGGGACCCGCACCCUUUUACCCCCUUGAAGACGGAACCGCAGGAGAACAACUUCAUAAGGCAAUGAAGCGAUACGCACUUGUACCCGGAACCAUCGCAUUUACCGACGCACAUAUCGAAGUAGACAUCACCUACGCAGAAUACUUUGAAAUGAGCGUACGACUUGCAGAAGCAAUGAAGCGAUACGGACUUAAUACCAAUCAUCGAAUCGUAGUAUGCAGCGAAAAUAGCCUUCAAUUUUUUAUGCCCGUACUUGGAGCACUUUUUAUCGGAGUAGCAGUAGCACCCGCAAAUGACAUCUACAAUGAACGAGAACUUCUUAAUAGCAUGGGAAUCAGCCAACCCACCGUAGUAUUUGUAAGCAAGAAGGGACUUCAAAAGAUCCUUAAUGUACAAAAGAAGCUUCCCAUCAUCCAAAAGAUCAUCAUCAUGGACAGCAAGACCGACUACCAAGGAUUUCAAAGCAUGUACACCUUUGUAACCAGCCAUCUUCCCCCCGGAUUUAAUGAAUACGACUUUGUACCCGAAAGCUUUGACCGAGACAAGACCAUCGCACUUAUCAUGAAUAGCAGCGGAAGCACCGGACUUCCCAAGGGAGUAGCACUUCCCCAUCGAACCGCAUGCGUACGAUUUAGCCAUGCACGAGACCCCAUCUUUGGAAAUCAAAUCAUCCCCGACACCGCAAUCCUUAGCGUAGUACCCUUUCAUCAUGGAUUUGGAAUGUUUACCACCCUUGGAUACCUUAUCUGCGGAUUUCGAGUAGUACUUAUGUACCGAUUUGAAGAAGAACUUUUUCUUCGAAGCCUUCAAGACUACAAGAUCCAAAGCGCACUUCUUGUACCCACCCUUUUUAGCUUUUUUGCAAAGAGCACCCUUAUCGACAAGUACGACCUUAGCAAUCUUCAUGAAAUCGCAAGCGGAGGAGCACCCCUUAGCAAGGAAGUAGGAGAAGCAGUAGCAAAGCGAUUUCAUCUUCCCGGAAUCCGACAAGGAUACGGACUUACCGAAACCACCAGCGCAAUCCUUAUCACCCCCGAAGGAGACGACAAGCCCGGAGCAGUAGGAAAGGUAGUACCCUUUUUUGAAGCAAAGGUAGUAGACCUUGACACCGGAAAGACCCUUGGAGUAAAUCAACGAGGAGAACUUUGCGUACGAGGACCCAUGAUCAUGAGCGGAUACGUAAAUAAUCCCGAAGCAACCAAUGCACUUAUCGACAAGGACGGAUGGCUUCAUAGCGGAGACAUCGCAUACUGGGACGAAGACGAACAUUUUUUUAUCGUAGACCGACUUAAGAGCCUUAUCAAGUACAAGGGAUACCAAGUAGCACCCGCAGAACUUGAAAGCAUCCUUCUUCAACAUCCCAAUAUCUUUGACGCAGGAGUAGCAGGACUUCCCGACGACGACGCAGGAGAACUUCCCGCAGCAGUAGUAGUACUUGAACAUGGAAAGACCAUGACCGAAAAGGAAAUCGUAGACUACGUAGCAAGCCAAGUAACCACCGCAAAGAAGCUUCGAGGAGGAGUAGUAUUUGUAGACGAAGUACCCAAGGGACUUACCGGAAAGCUUGACGCACGAAAGAUCCGAGAAAUCCUUAUCAAGGCAAAGAAGGGAGGAAAGAUCGCAGUA
2A-2C,Luciferase,L15,AUGGAAGACGCUAAAAAUAUAAAAAAAGGGCCCGCUCCCUUCUACCCCCUGGAAGACGGGACUGCUGGGGAACAGCUGCACAAAGCUAUGAAACGCUACGCUCUGGUGCCCGGGACUAUAGCUUUCACUGACGCUCACAUAGAAGUGGACAUAACUUACGCUGAAUACUUCGAAAUGUCGGUGCGCCUGGCUGAAGCUAUGAAACGCUACGGGCUGAAUACUAAUCACCGCAUAGUGGUGUGCUCGGAAAAUUCGCUGCAGUUCUUCAUGCCCGUGCUGGGGGCUCUGUUCAUAGGGGUGGCUGUGGCUCCCGCUAAUGACAUAUACAAUGAACGCGAACUGCUGAAUUCGAUGGGGAUAUCGCAGCCCACUGUGGUGUUCGUGUCGAAAAAAGGGCUGCAGAAAAUACUGAAUGUGCAGAAAAAACUGCCCAUAAUACAGAAAAUAAUAAUAAUGGACUCGAAAACUGACUACCAGGGGUUCCAGUCGAUGUACACUUUCGUGACUUCGCACCUGCCCCCCGGGUUCAAUGAAUACGACUUCGUGCCCGAAUCGUUCGACCGCGACAAAACUAUAGCUCUGAUAAUGAAUUCGUCGGGGUCGACUGGGCUGCCCAAAGGGGUGGCUCUGCCCCACCGCACUGCUUGCGUGCGCUUCUCGCACGCUCGCGACCCCAUAUUCGGGAAUCAGAUAAUACCCGACACUGCUAUACUGUCGGUGGUGCCCUUCCACCACGGGUUCGGGAUGUUCACUACUCUGGGGUACCUGAUAUGCGGGUUCCGCGUGGUGCUGAUGUACCGCUUCGAAGAAGAACUGUUCCUGCGCUCGCUGCAGGACUACAAAAUACAGUCGGCUCUGCUGGUGCCCACUCUGUUCUCGUUCUUCGCUAAAUCGACUCUGAUAGACAAAUACGACCUGUCGAAUCUGCACGAAAUAGCUUCGGGGGGGGCUCCCCUGUCGAAAGAAGUGGGGGAAGCUGUGGCUAAACGCUUCCACCUGCCCGGGAUACGCCAGGGGUACGGGCUGACUGAAACUACUUCGGCUAUACUGAUAACUCCCGAAGGGGACGACAAACCCGGGGCUGUGGGGAAAGUGGUGCCCUUCUUCGAAGCUAAAGUGGUGGACCUGGACACUGGGAAAACUCUGGGGGUGAAUCAGCGCGGGGAACUGUGCGUGCGCGGGCCCAUGAUAAUGUCGGGGUACGUGAAUAAUCCCGAAGCUACUAAUGCUCUGAUAGACAAAGACGGGUGGCUGCACUCGGGGGACAUAGCUUACUGGGACGAAGACGAACACUUCUUCAUAGUGGACCGCCUGAAAUCGCUGAUAAAAUACAAAGGGUACCAGGUGGCUCCCGCUGAACUGGAAUCGAUACUGCUGCAGCACCCCAAUAUAUUCGACGCUGGGGUGGCUGGGCUGCCCGACGACGACGCUGGGGAACUGCCCGCUGCUGUGGUGGUGCUGGAACACGGGAAAACUAUGACUGAAAAAGAAAUAGUGGACUACGUGGCUUCGCAGGUGACUACUGCUAAAAAACUGCGCGGGGGGGUGGUGUUCGUGGACGAAGUGCCCAAAGGGCUGACUGGGAAACUGGACGCUCGCAAAAUACGCGAAAUACUGAUAAAAGCUAAAAAAGGGGGGAAAAUAGCUGUG
2A-2C,Luciferase,L16,AUGGAAGACGCCAAAAACAUUAAAAAAGGCCCAGCCCCAUUUUAUCCACUCGAAGACGGCACUGCCGGCGAACAGCUCCACAAAGCCAUGAAACGCUAUGCCCUCGUCCCAGGCACUAUUGCCUUUACUGACGCCCACAUUGAAGUCGACAUUACUUAUGCCGAAUAUUUUGAAAUGAGCGUCCGCCUCGCCGAAGCCAUGAAACGCUAUGGCCUCAACACUAACCACCGCAUUGUCGUCUGCAGCGAAAACAGCCUCCAGUUUUUUAUGCCAGUCCUCGGCGCCCUCUUUAUUGGCGUCGCCGUCGCCCCAGCCAACGACAUUUAUAACGAACGCGAACUCCUCAACAGCAUGGGCAUUAGCCAGCCAACUGUCGUCUUUGUCAGCAAAAAAGGCCUCCAGAAAAUUCUCAACGUCCAGAAAAAACUCCCAAUUAUUCAGAAAAUUAUUAUUAUGGACAGCAAAACUGACUAUCAGGGCUUUCAGAGCAUGUAUACUUUUGUCACUAGCCACCUCCCACCAGGCUUUAACGAAUAUGACUUUGUCCCAGAAAGCUUUGACCGCGACAAAACUAUUGCCCUCAUUAUGAACAGCAGCGGCAGCACUGGCCUCCCAAAAGGCGUCGCCCUCCCACACCGCACUGCCUGCGUCCGCUUUAGCCACGCCCGCGACCCAAUUUUUGGCAACCAGAUUAUUCCAGACACUGCCAUUCUCAGCGUCGUCCCAUUUCACCACGGCUUUGGCAUGUUUACUACUCUCGGCUAUCUCAUUUGCGGCUUUCGCGUCGUCCUCAUGUAUCGCUUUGAAGAAGAACUCUUUCUCCGCAGCCUCCAGGACUAUAAAAUUCAGAGCGCCCUCCUCGUCCCAACUCUCUUUAGCUUUUUUGCCAAAAGCACUCUCAUUGACAAAUAUGACCUCAGCAACCUCCACGAAAUUGCCAGCGGCGGCGCCCCACUCAGCAAAGAAGUCGGCGAAGCCGUCGCCAAACGCUUUCACCUCCCAGGCAUUCGCCAGGGCUAUGGCCUCACUGAAACUACUAGCGCCAUUCUCAUUACUCCAGAAGGCGACGACAAACCAGGCGCCGUCGGCAAAGUCGUCCCAUUUUUUGAAGCCAAAGUCGUCGACCUCGACACUGGCAAAACUCUCGGCGUCAACCAGCGCGGCGAACUCUGCGUCCGCGGCCCAAUGAUUAUGAGCGGCUAUGUCAACAACCCAGAAGCCACUAACGCCCUCAUUGACAAAGACGGCUGGCUCCACAGCGGCGACAUUGCCUAUUGGGACGAAGACGAACACUUUUUUAUUGUCGACCGCCUCAAAAGCCUCAUUAAAUAUAAAGGCUAUCAGGUCGCCCCAGCCGAACUCGAAAGCAUUCUCCUCCAGCACCCAAACAUUUUUGACGCCGGCGUCGCCGGCCUCCCAGACGACGACGCCGGCGAACUCCCAGCCGCCGUCGUCGUCCUCGAACACGGCAAAACUAUGACUGAAAAAGAAAUUGUCGACUAUGUCGCCAGCCAGGUCACUACUGCCAAAAAACUCCGCGGCGGCGUCGUCUUUGUCGACGAAGUCCCAAAAGGCCUCACUGGCAAACUCGACGCCCGCAAAAUUCGCGAAAUUCUCAUUAAAGCCAAAAAAGGCGGCAAAAUUGCCGUC
2A-2C,Luciferase,L17,AUGGAAGACGCGAAGAACAUCAAGAAGGGUCCAGCGCCAUUUUACCCACUGGAAGACGGUACAGCGGGUGAACAACUGCAUAAGGCGAUGAAGCGCUACGCGCUGGUCCCAGGUACAAUCGCGUUUACAGACGCGCAUAUCGAAGUCGACAUCACAUACGCGGAAUACUUUGAAAUGUCGGUCCGCCUGGCGGAAGCGAUGAAGCGCUACGGUCUGAACACAAACCAUCGCAUCGUCGUCUGCUCGGAAAACUCGCUGCAAUUUUUUAUGCCAGUCCUGGGUGCGCUGUUUAUCGGUGUCGCGGUCGCGCCAGCGAACGACAUCUACAACGAACGCGAACUGCUGAACUCGAUGGGUAUCUCGCAACCAACAGUCGUCUUUGUCUCGAAGAAGGGUCUGCAAAAGAUCCUGAACGUCCAAAAGAAGCUGCCAAUCAUCCAAAAGAUCAUCAUCAUGGACUCGAAGACAGACUACCAAGGUUUUCAAUCGAUGUACACAUUUGUCACAUCGCAUCUGCCACCAGGUUUUAACGAAUACGACUUUGUCCCAGAAUCGUUUGACCGCGACAAGACAAUCGCGCUGAUCAUGAACUCGUCGGGUUCGACAGGUCUGCCAAAGGGUGUCGCGCUGCCACAUCGCACAGCGUGCGUCCGCUUUUCGCAUGCGCGCGACCCAAUCUUUGGUAACCAAAUCAUCCCAGACACAGCGAUCCUGUCGGUCGUCCCAUUUCAUCAUGGUUUUGGUAUGUUUACAACACUGGGUUACCUGAUCUGCGGUUUUCGCGUCGUCCUGAUGUACCGCUUUGAAGAAGAACUGUUUCUGCGCUCGCUGCAAGACUACAAGAUCCAAUCGGCGCUGCUGGUCCCAACACUGUUUUCGUUUUUUGCGAAGUCGACACUGAUCGACAAGUACGACCUGUCGAACCUGCAUGAAAUCGCGUCGGGUGGUGCGCCACUGUCGAAGGAAGUCGGUGAAGCGGUCGCGAAGCGCUUUCAUCUGCCAGGUAUCCGCCAAGGUUACGGUCUGACAGAAACAACAUCGGCGAUCCUGAUCACACCAGAAGGUGACGACAAGCCAGGUGCGGUCGGUAAGGUCGUCCCAUUUUUUGAAGCGAAGGUCGUCGACCUGGACACAGGUAAGACACUGGGUGUCAACCAACGCGGUGAACUGUGCGUCCGCGGUCCAAUGAUCAUGUCGGGUUACGUCAACAACCCAGAAGCGACAAACGCGCUGAUCGACAAGGACGGUUGGCUGCAUUCGGGUGACAUCGCGUACUGGGACGAAGACGAACAUUUUUUUAUCGUCGACCGCCUGAAGUCGCUGAUCAAGUACAAGGGUUACCAAGUCGCGCCAGCGGAACUGGAAUCGAUCCUGCUGCAACAUCCAAACAUCUUUGACGCGGGUGUCGCGGGUCUGCCAGACGACGACGCGGGUGAACUGCCAGCGGCGGUCGUCGUCCUGGAACAUGGUAAGACAAUGACAGAAAAGGAAAUCGUCGACUACGUCGCGUCGCAAGUCACAACAGCGAAGAAGCUGCGCGGUGGUGUCGUCUUUGUCGACGAAGUCCCAAAGGGUCUGACAGGUAAGCUGGACGCGCGCAAGAUCCGCGAAAUCCUGAUCAAGGCGAAGAAGGGUGGUAAGAUCGCGGUC
2A-2C,Luciferase,L18,AUGGAAGACGCCAAGAACAUUAAGAAGGGGCCGGCCCCGUUCUACCCGUUGGAAGACGGGACCGCCGGGGAACAGUUGCACAAGGCCAUGAAGAGAUACGCCUUGGUGCCGGGGACCAUUGCCUUCACCGACGCCCACAUUGAAGUGGACAUUACCUACGCCGAAUACUUCGAAAUGUCGGUGAGAUUGGCCGAAGCCAUGAAGAGAUACGGGUUGAACACCAACCACAGAAUUGUGGUGUGCUCGGAAAACUCGUUGCAGUUCUUCAUGCCGGUGUUGGGGGCCUUGUUCAUUGGGGUGGCCGUGGCCCCGGCCAACGACAUUUACAACGAAAGAGAAUUGUUGAACUCGAUGGGGAUUUCGCAGCCGACCGUGGUGUUCGUGUCGAAGAAGGGGUUGCAGAAGAUUUUGAACGUGCAGAAGAAGUUGCCGAUUAUUCAGAAGAUUAUUAUUAUGGACUCGAAGACCGACUACCAGGGGUUCCAGUCGAUGUACACCUUCGUGACCUCGCACUUGCCGCCGGGGUUCAACGAAUACGACUUCGUGCCGGAAUCGUUCGACAGAGACAAGACCAUUGCCUUGAUUAUGAACUCGUCGGGGUCGACCGGGUUGCCGAAGGGGGUGGCCUUGCCGCACAGAACCGCCUGCGUGAGAUUCUCGCACGCCAGAGACCCGAUUUUCGGGAACCAGAUUAUUCCGGACACCGCCAUUUUGUCGGUGGUGCCGUUCCACCACGGGUUCGGGAUGUUCACCACCUUGGGGUACUUGAUUUGCGGGUUCAGAGUGGUGUUGAUGUACAGAUUCGAAGAAGAAUUGUUCUUGAGAUCGUUGCAGGACUACAAGAUUCAGUCGGCCUUGUUGGUGCCGACCUUGUUCUCGUUCUUCGCCAAGUCGACCUUGAUUGACAAGUACGACUUGUCGAACUUGCACGAAAUUGCCUCGGGGGGGGCCCCGUUGUCGAAGGAAGUGGGGGAAGCCGUGGCCAAGAGAUUCCACUUGCCGGGGAUUAGACAGGGGUACGGGUUGACCGAAACCACCUCGGCCAUUUUGAUUACCCCGGAAGGGGACGACAAGCCGGGGGCCGUGGGGAAGGUGGUGCCGUUCUUCGAAGCCAAGGUGGUGGACUUGGACACCGGGAAGACCUUGGGGGUGAACCAGAGAGGGGAAUUGUGCGUGAGAGGGCCGAUGAUUAUGUCGGGGUACGUGAACAACCCGGAAGCCACCAACGCCUUGAUUGACAAGGACGGGUGGUUGCACUCGGGGGACAUUGCCUACUGGGACGAAGACGAACACUUCUUCAUUGUGGACAGAUUGAAGUCGUUGAUUAAGUACAAGGGGUACCAGGUGGCCCCGGCCGAAUUGGAAUCGAUUUUGUUGCAGCACCCGAACAUUUUCGACGCCGGGGUGGCCGGGUUGCCGGACGACGACGCCGGGGAAUUGCCGGCCGCCGUGGUGGUGUUGGAACACGGGAAGACCAUGACCGAAAAGGAAAUUGUGGACUACGUGGCCUCGCAGGUGACCACCGCCAAGAAGUUGAGAGGGGGGGUGGUGUUCGUGGACGAAGUGCCGAAGGGGUUGACCGGGAAGUUGGACGCCAGAAAGAUUAGAGAAAUUUUGAUUAAGGCCAAGAAGGGGGGGAAGAUUGCCGUG
2A-2C,Luciferase,L19,AUGGAAGACGCAAAAAAUAUCAAAAAAGGACCGGCACCGUUUUACCCGCUAGAAGACGGAACUGCAGGAGAACAACUACAUAAAGCAAUGAAAAGAUACGCACUAGUGCCGGGAACUAUCGCAUUUACUGACGCACAUAUCGAAGUGGACAUCACUUACGCAGAAUACUUUGAAAUGUCCGUGAGACUAGCAGAAGCAAUGAAAAGAUACGGACUAAAUACUAAUCAUAGAAUCGUGGUGUGUUCCGAAAAUUCCCUACAAUUUUUUAUGCCGGUGCUAGGAGCACUAUUUAUCGGAGUGGCAGUGGCACCGGCAAAUGACAUCUACAAUGAAAGAGAACUACUAAAUUCCAUGGGAAUCUCCCAACCGACUGUGGUGUUUGUGUCCAAAAAAGGACUACAAAAAAUCCUAAAUGUGCAAAAAAAACUACCGAUCAUCCAAAAAAUCAUCAUCAUGGACUCCAAAACUGACUACCAAGGAUUUCAAUCCAUGUACACUUUUGUGACUUCCCAUCUACCGCCGGGAUUUAAUGAAUACGACUUUGUGCCGGAAUCCUUUGACAGAGACAAAACUAUCGCACUAAUCAUGAAUUCCUCCGGAUCCACUGGACUACCGAAAGGAGUGGCACUACCGCAUAGAACUGCAUGUGUGAGAUUUUCCCAUGCAAGAGACCCGAUCUUUGGAAAUCAAAUCAUCCCGGACACUGCAAUCCUAUCCGUGGUGCCGUUUCAUCAUGGAUUUGGAAUGUUUACUACUCUAGGAUACCUAAUCUGUGGAUUUAGAGUGGUGCUAAUGUACAGAUUUGAAGAAGAACUAUUUCUAAGAUCCCUACAAGACUACAAAAUCCAAUCCGCACUACUAGUGCCGACUCUAUUUUCCUUUUUUGCAAAAUCCACUCUAAUCGACAAAUACGACCUAUCCAAUCUACAUGAAAUCGCAUCCGGAGGAGCACCGCUAUCCAAAGAAGUGGGAGAAGCAGUGGCAAAAAGAUUUCAUCUACCGGGAAUCAGACAAGGAUACGGACUAACUGAAACUACUUCCGCAAUCCUAAUCACUCCGGAAGGAGACGACAAACCGGGAGCAGUGGGAAAAGUGGUGCCGUUUUUUGAAGCAAAAGUGGUGGACCUAGACACUGGAAAAACUCUAGGAGUGAAUCAAAGAGGAGAACUAUGUGUGAGAGGACCGAUGAUCAUGUCCGGAUACGUGAAUAAUCCGGAAGCAACUAAUGCACUAAUCGACAAAGACGGAUGGCUACAUUCCGGAGACAUCGCAUACUGGGACGAAGACGAACAUUUUUUUAUCGUGGACAGACUAAAAUCCCUAAUCAAAUACAAAGGAUACCAAGUGGCACCGGCAGAACUAGAAUCCAUCCUACUACAACAUCCGAAUAUCUUUGACGCAGGAGUGGCAGGACUACCGGACGACGACGCAGGAGAACUACCGGCAGCAGUGGUGGUGCUAGAACAUGGAAAAACUAUGACUGAAAAAGAAAUCGUGGACUACGUGGCAUCCCAAGUGACUACUGCAAAAAAACUAAGAGGAGGAGUGGUGUUUGUGGACGAAGUGCCGAAAGGACUAACUGGAAAACUAGACGCAAGAAAAAUCAGAGAAAUCCUAAUCAAAGCAAAAAAAGGAGGAAAAAUCGCAGUG
2A-2C,Luciferase,L20,AUGGAAGAUGCCAAGAAUAUAAAGAAGGGCCCUGCCCCUUUCUACCCUCUGGAAGAUGGCACAGCCGGCGAACAACUGCAUAAGGCCAUGAAGAGGUACGCCCUGGUCCCUGGCACAAUAGCCUUCACAGAUGCCCAUAUAGAAGUCGAUAUAACAUACGCCGAAUACUUCGAAAUGUCAGUCAGGCUGGCCGAAGCCAUGAAGAGGUACGGCCUGAAUACAAAUCAUAGGAUAGUCGUCUGUUCAGAAAAUUCACUGCAAUUCUUCAUGCCUGUCCUGGGCGCCCUGUUCAUAGGCGUCGCCGUCGCCCCUGCCAAUGAUAUAUACAAUGAAAGGGAACUGCUGAAUUCAAUGGGCAUAUCACAACCUACAGUCGUCUUCGUCUCAAAGAAGGGCCUGCAAAAGAUACUGAAUGUCCAAAAGAAGCUGCCUAUAAUACAAAAGAUAAUAAUAAUGGAUUCAAAGACAGAUUACCAAGGCUUCCAAUCAAUGUACACAUUCGUCACAUCACAUCUGCCUCCUGGCUUCAAUGAAUACGAUUUCGUCCCUGAAUCAUUCGAUAGGGAUAAGACAAUAGCCCUGAUAAUGAAUUCAUCAGGCUCAACAGGCCUGCCUAAGGGCGUCGCCCUGCCUCAUAGGACAGCCUGUGUCAGGUUCUCACAUGCCAGGGAUCCUAUAUUCGGCAAUCAAAUAAUACCUGAUACAGCCAUACUGUCAGUCGUCCCUUUCCAUCAUGGCUUCGGCAUGUUCACAACACUGGGCUACCUGAUAUGUGGCUUCAGGGUCGUCCUGAUGUACAGGUUCGAAGAAGAACUGUUCCUGAGGUCACUGCAAGAUUACAAGAUACAAUCAGCCCUGCUGGUCCCUACACUGUUCUCAUUCUUCGCCAAGUCAACACUGAUAGAUAAGUACGAUCUGUCAAAUCUGCAUGAAAUAGCCUCAGGCGGCGCCCCUCUGUCAAAGGAAGUCGGCGAAGCCGUCGCCAAGAGGUUCCAUCUGCCUGGCAUAAGGCAAGGCUACGGCCUGACAGAAACAACAUCAGCCAUACUGAUAACACCUGAAGGCGAUGAUAAGCCUGGCGCCGUCGGCAAGGUCGUCCCUUUCUUCGAAGCCAAGGUCGUCGAUCUGGAUACAGGCAAGACACUGGGCGUCAAUCAAAGGGGCGAACUGUGUGUCAGGGGCCCUAUGAUAAUGUCAGGCUACGUCAAUAAUCCUGAAGCCACAAAUGCCCUGAUAGAUAAGGAUGGCUGGCUGCAUUCAGGCGAUAUAGCCUACUGGGAUGAAGAUGAACAUUUCUUCAUAGUCGAUAGGCUGAAGUCACUGAUAAAGUACAAGGGCUACCAAGUCGCCCCUGCCGAACUGGAAUCAAUACUGCUGCAACAUCCUAAUAUAUUCGAUGCCGGCGUCGCCGGCCUGCCUGAUGAUGAUGCCGGCGAACUGCCUGCCGCCGUCGUCGUCCUGGAACAUGGCAAGACAAUGACAGAAAAGGAAAUAGUCGAUUACGUCGCCUCACAAGUCACAACAGCCAAGAAGCUGAGGGGCGGCGUCGUCUUCGUCGAUGAAGUCCCUAAGGGCCUGACAGGCAAGCUGGAUGCCAGGAAGAUAAGGGAAAUACUGAUAAAGGCCAAGAAGGGCGGCAAGAUAGCCGUC
2A-2C,Luciferase,L21,AUGGAGGACGCGAAAAAUAUCAAAAAAGGCCCGGCGCCGUUUUACCCGCUCGAGGACGGCACCGCGGGCGAGCAACUCCACAAAGCGAUGAAACGAUACGCGCUCGUUCCGGGCACCAUCGCGUUUACCGACGCGCACAUCGAGGUUGACAUCACCUACGCGGAGUACUUUGAGAUGUCAGUUCGACUCGCGGAGGCGAUGAAACGAUACGGCCUCAAUACCAAUCACCGAAUCGUUGUUUGUUCAGAGAAUUCACUCCAAUUUUUUAUGCCGGUUCUCGGCGCGCUCUUUAUCGGCGUUGCGGUUGCGCCGGCGAAUGACAUCUACAAUGAGCGAGAGCUCCUCAAUUCAAUGGGCAUCUCACAACCGACCGUUGUUUUUGUUUCAAAAAAAGGCCUCCAAAAAAUCCUCAAUGUUCAAAAAAAACUCCCGAUCAUCCAAAAAAUCAUCAUCAUGGACUCAAAAACCGACUACCAAGGCUUUCAAUCAAUGUACACCUUUGUUACCUCACACCUCCCGCCGGGCUUUAAUGAGUACGACUUUGUUCCGGAGUCAUUUGACCGAGACAAAACCAUCGCGCUCAUCAUGAAUUCAUCAGGCUCAACCGGCCUCCCGAAAGGCGUUGCGCUCCCGCACCGAACCGCGUGUGUUCGAUUUUCACACGCGCGAGACCCGAUCUUUGGCAAUCAAAUCAUCCCGGACACCGCGAUCCUCUCAGUUGUUCCGUUUCACCACGGCUUUGGCAUGUUUACCACCCUCGGCUACCUCAUCUGUGGCUUUCGAGUUGUUCUCAUGUACCGAUUUGAGGAGGAGCUCUUUCUCCGAUCACUCCAAGACUACAAAAUCCAAUCAGCGCUCCUCGUUCCGACCCUCUUUUCAUUUUUUGCGAAAUCAACCCUCAUCGACAAAUACGACCUCUCAAAUCUCCACGAGAUCGCGUCAGGCGGCGCGCCGCUCUCAAAAGAGGUUGGCGAGGCGGUUGCGAAACGAUUUCACCUCCCGGGCAUCCGACAAGGCUACGGCCUCACCGAGACCACCUCAGCGAUCCUCAUCACCCCGGAGGGCGACGACAAACCGGGCGCGGUUGGCAAAGUUGUUCCGUUUUUUGAGGCGAAAGUUGUUGACCUCGACACCGGCAAAACCCUCGGCGUUAAUCAACGAGGCGAGCUCUGUGUUCGAGGCCCGAUGAUCAUGUCAGGCUACGUUAAUAAUCCGGAGGCGACCAAUGCGCUCAUCGACAAAGACGGCUGGCUCCACUCAGGCGACAUCGCGUACUGGGACGAGGACGAGCACUUUUUUAUCGUUGACCGACUCAAAUCACUCAUCAAAUACAAAGGCUACCAAGUUGCGCCGGCGGAGCUCGAGUCAAUCCUCCUCCAACACCCGAAUAUCUUUGACGCGGGCGUUGCGGGCCUCCCGGACGACGACGCGGGCGAGCUCCCGGCGGCGGUUGUUGUUCUCGAGCACGGCAAAACCAUGACCGAGAAAGAGAUCGUUGACUACGUUGCGUCACAAGUUACCACCGCGAAAAAACUCCGAGGCGGCGUUGUUUUUGUUGACGAGGUUCCGAAAGGCCUCACCGGCAAACUCGACGCGCGAAAAAUCCGAGAGAUCCUCAUCAAAGCGAAAAAAGGCGGCAAAAUCGCGGUU
2A-2C,Luciferase,L22,AUGGAGGACGCUAAAAACAUAAAAAAAGGCCCAGCUCCAUUUUAUCCACUAGAGGACGGCACGGCUGGCGAGCAACUACACAAAGCUAUGAAACGGUAUGCUCUAGUCCCAGGCACGAUAGCUUUUACGGACGCUCACAUAGAGGUCGACAUAACGUAUGCUGAGUAUUUUGAGAUGAGUGUCCGGCUAGCUGAGGCUAUGAAACGGUAUGGCCUAAACACGAACCACCGGAUAGUCGUCUGUAGUGAGAACAGUCUACAAUUUUUUAUGCCAGUCCUAGGCGCUCUAUUUAUAGGCGUCGCUGUCGCUCCAGCUAACGACAUAUAUAACGAGCGGGAGCUACUAAACAGUAUGGGCAUAAGUCAACCAACGGUCGUCUUUGUCAGUAAAAAAGGCCUACAAAAAAUACUAAACGUCCAAAAAAAACUACCAAUAAUACAAAAAAUAAUAAUAAUGGACAGUAAAACGGACUAUCAAGGCUUUCAAAGUAUGUAUACGUUUGUCACGAGUCACCUACCACCAGGCUUUAACGAGUAUGACUUUGUCCCAGAGAGUUUUGACCGGGACAAAACGAUAGCUCUAAUAAUGAACAGUAGUGGCAGUACGGGCCUACCAAAAGGCGUCGCUCUACCACACCGGACGGCUUGUGUCCGGUUUAGUCACGCUCGGGACCCAAUAUUUGGCAACCAAAUAAUACCAGACACGGCUAUACUAAGUGUCGUCCCAUUUCACCACGGCUUUGGCAUGUUUACGACGCUAGGCUAUCUAAUAUGUGGCUUUCGGGUCGUCCUAAUGUAUCGGUUUGAGGAGGAGCUAUUUCUACGGAGUCUACAAGACUAUAAAAUACAAAGUGCUCUACUAGUCCCAACGCUAUUUAGUUUUUUUGCUAAAAGUACGCUAAUAGACAAAUAUGACCUAAGUAACCUACACGAGAUAGCUAGUGGCGGCGCUCCACUAAGUAAAGAGGUCGGCGAGGCUGUCGCUAAACGGUUUCACCUACCAGGCAUACGGCAAGGCUAUGGCCUAACGGAGACGACGAGUGCUAUACUAAUAACGCCAGAGGGCGACGACAAACCAGGCGCUGUCGGCAAAGUCGUCCCAUUUUUUGAGGCUAAAGUCGUCGACCUAGACACGGGCAAAACGCUAGGCGUCAACCAACGGGGCGAGCUAUGUGUCCGGGGCCCAAUGAUAAUGAGUGGCUAUGUCAACAACCCAGAGGCUACGAACGCUCUAAUAGACAAAGACGGCUGGCUACACAGUGGCGACAUAGCUUAUUGGGACGAGGACGAGCACUUUUUUAUAGUCGACCGGCUAAAAAGUCUAAUAAAAUAUAAAGGCUAUCAAGUCGCUCCAGCUGAGCUAGAGAGUAUACUACUACAACACCCAAACAUAUUUGACGCUGGCGUCGCUGGCCUACCAGACGACGACGCUGGCGAGCUACCAGCUGCUGUCGUCGUCCUAGAGCACGGCAAAACGAUGACGGAGAAAGAGAUAGUCGACUAUGUCGCUAGUCAAGUCACGACGGCUAAAAAACUACGGGGCGGCGUCGUCUUUGUCGACGAGGUCCCAAAAGGCCUAACGGGCAAACUAGACGCUCGGAAAAUACGGGAGAUACUAAUAAAAGCUAAAAAAGGCGGCAAAAUAGCUGUC
2A-2C,Luciferase,L23,AUGGAAGAUGCCAAGAACAUAAAGAAGGGUCCGGCCCCGUUCUAUCCGCUCGAAGAUGGUACCGCCGGUGAACAACUCCACAAGGCCAUGAAGAGGUAUGCCCUCGUCCCGGGUACCAUAGCCUUCACCGAUGCCCACAUAGAAGUCGAUAUAACCUAUGCCGAAUAUUUCGAAAUGAGUGUCAGGCUCGCCGAAGCCAUGAAGAGGUAUGGUCUCAACACCAACCACAGGAUAGUCGUCUGCAGUGAAAACAGUCUCCAAUUCUUCAUGCCGGUCCUCGGUGCCCUCUUCAUAGGUGUCGCCGUCGCCCCGGCCAACGAUAUAUAUAACGAAAGGGAACUCCUCAACAGUAUGGGUAUAAGUCAACCGACCGUCGUCUUCGUCAGUAAGAAGGGUCUCCAAAAGAUACUCAACGUCCAAAAGAAGCUCCCGAUAAUACAAAAGAUAAUAAUAAUGGAUAGUAAGACCGAUUAUCAAGGUUUCCAAAGUAUGUAUACCUUCGUCACCAGUCACCUCCCGCCGGGUUUCAACGAAUAUGAUUUCGUCCCGGAAAGUUUCGAUAGGGAUAAGACCAUAGCCCUCAUAAUGAACAGUAGUGGUAGUACCGGUCUCCCGAAGGGUGUCGCCCUCCCGCACAGGACCGCCUGCGUCAGGUUCAGUCACGCCAGGGAUCCGAUAUUCGGUAACCAAAUAAUACCGGAUACCGCCAUACUCAGUGUCGUCCCGUUCCACCACGGUUUCGGUAUGUUCACCACCCUCGGUUAUCUCAUAUGCGGUUUCAGGGUCGUCCUCAUGUAUAGGUUCGAAGAAGAACUCUUCCUCAGGAGUCUCCAAGAUUAUAAGAUACAAAGUGCCCUCCUCGUCCCGACCCUCUUCAGUUUCUUCGCCAAGAGUACCCUCAUAGAUAAGUAUGAUCUCAGUAACCUCCACGAAAUAGCCAGUGGUGGUGCCCCGCUCAGUAAGGAAGUCGGUGAAGCCGUCGCCAAGAGGUUCCACCUCCCGGGUAUAAGGCAAGGUUAUGGUCUCACCGAAACCACCAGUGCCAUACUCAUAACCCCGGAAGGUGAUGAUAAGCCGGGUGCCGUCGGUAAGGUCGUCCCGUUCUUCGAAGCCAAGGUCGUCGAUCUCGAUACCGGUAAGACCCUCGGUGUCAACCAAAGGGGUGAACUCUGCGUCAGGGGUCCGAUGAUAAUGAGUGGUUAUGUCAACAACCCGGAAGCCACCAACGCCCUCAUAGAUAAGGAUGGUUGGCUCCACAGUGGUGAUAUAGCCUAUUGGGAUGAAGAUGAACACUUCUUCAUAGUCGAUAGGCUCAAGAGUCUCAUAAAGUAUAAGGGUUAUCAAGUCGCCCCGGCCGAACUCGAAAGUAUACUCCUCCAACACCCGAACAUAUUCGAUGCCGGUGUCGCCGGUCUCCCGGAUGAUGAUGCCGGUGAACUCCCGGCCGCCGUCGUCGUCCUCGAACACGGUAAGACCAUGACCGAAAAGGAAAUAGUCGAUUAUGUCGCCAGUCAAGUCACCACCGCCAAGAAGCUCAGGGGUGGUGUCGUCUUCGUCGAUGAAGUCCCGAAGGGUCUCACCGGUAAGCUCGAUGCCAGGAAGAUAAGGGAAAUACUCAUAAAGGCCAAGAAGGGUGGUAAGAUAGCCGUC
2A-2C,Luciferase,L24,AUGGAAGACGCCAAAAACAUAAAAAAAGGCCCGGCCCCGUUCUACCCGUUAGAAGACGGCACGGCCGGCGAACAGUUACAUAAAGCCAUGAAACGAUACGCCUUAGUCCCGGGCACGAUAGCCUUCACGGACGCCCAUAUAGAAGUCGACAUAACGUACGCCGAAUACUUCGAAAUGUCUGUCCGAUUAGCCGAAGCCAUGAAACGAUACGGCUUAAACACGAACCAUCGAAUAGUCGUCUGUUCUGAAAACUCUUUACAGUUCUUCAUGCCGGUCUUAGGCGCCUUAUUCAUAGGCGUCGCCGUCGCCCCGGCCAACGACAUAUACAACGAACGAGAAUUAUUAAACUCUAUGGGCAUAUCUCAGCCGACGGUCGUCUUCGUCUCUAAAAAAGGCUUACAGAAAAUAUUAAACGUCCAGAAAAAAUUACCGAUAAUACAGAAAAUAAUAAUAAUGGACUCUAAAACGGACUACCAGGGCUUCCAGUCUAUGUACACGUUCGUCACGUCUCAUUUACCGCCGGGCUUCAACGAAUACGACUUCGUCCCGGAAUCUUUCGACCGAGACAAAACGAUAGCCUUAAUAAUGAACUCUUCUGGCUCUACGGGCUUACCGAAAGGCGUCGCCUUACCGCAUCGAACGGCCUGUGUCCGAUUCUCUCAUGCCCGAGACCCGAUAUUCGGCAACCAGAUAAUACCGGACACGGCCAUAUUAUCUGUCGUCCCGUUCCAUCAUGGCUUCGGCAUGUUCACGACGUUAGGCUACUUAAUAUGUGGCUUCCGAGUCGUCUUAAUGUACCGAUUCGAAGAAGAAUUAUUCUUACGAUCUUUACAGGACUACAAAAUACAGUCUGCCUUAUUAGUCCCGACGUUAUUCUCUUUCUUCGCCAAAUCUACGUUAAUAGACAAAUACGACUUAUCUAACUUACAUGAAAUAGCCUCUGGCGGCGCCCCGUUAUCUAAAGAAGUCGGCGAAGCCGUCGCCAAACGAUUCCAUUUACCGGGCAUACGACAGGGCUACGGCUUAACGGAAACGACGUCUGCCAUAUUAAUAACGCCGGAAGGCGACGACAAACCGGGCGCCGUCGGCAAAGUCGUCCCGUUCUUCGAAGCCAAAGUCGUCGACUUAGACACGGGCAAAACGUUAGGCGUCAACCAGCGAGGCGAAUUAUGUGUCCGAGGCCCGAUGAUAAUGUCUGGCUACGUCAACAACCCGGAAGCCACGAACGCCUUAAUAGACAAAGACGGCUGGUUACAUUCUGGCGACAUAGCCUACUGGGACGAAGACGAACAUUUCUUCAUAGUCGACCGAUUAAAAUCUUUAAUAAAAUACAAAGGCUACCAGGUCGCCCCGGCCGAAUUAGAAUCUAUAUUAUUACAGCAUCCGAACAUAUUCGACGCCGGCGUCGCCGGCUUACCGGACGACGACGCCGGCGAAUUACCGGCCGCCGUCGUCGUCUUAGAACAUGGCAAAACGAUGACGGAAAAAGAAAUAGUCGACUACGUCGCCUCUCAGGUCACGACGGCCAAAAAAUUACGAGGCGGCGUCGUCUUCGUCGACGAAGUCCCGAAAGGCUUAACGGGCAAAUUAGACGCCCGAAAAAUACGAGAAAUAUUAAUAAAAGCCAAAAAAGGCGGCAAAAUAGCCGUC
2A-2C,Luciferase,L25,AUGGAGGAUGCAAAGAACAUAAAGAAGGGACCCGCACCCUUCUACCCCUUGGAGGAUGGAACCGCAGGAGAGCAGUUGCAUAAGGCAAUGAAGAGAUACGCAUUGGUCCCCGGAACCAUAGCAUUCACCGAUGCACAUAUAGAGGUCGAUAUAACCUACGCAGAGUACUUCGAGAUGUCCGUCAGAUUGGCAGAGGCAAUGAAGAGAUACGGAUUGAACACCAACCAUAGAAUAGUCGUCUGUUCCGAGAACUCCUUGCAGUUCUUCAUGCCCGUCUUGGGAGCAUUGUUCAUAGGAGUCGCAGUCGCACCCGCAAACGAUAUAUACAACGAGAGAGAGUUGUUGAACUCCAUGGGAAUAUCCCAGCCCACCGUCGUCUUCGUCUCCAAGAAGGGAUUGCAGAAGAUAUUGAACGUCCAGAAGAAGUUGCCCAUAAUACAGAAGAUAAUAAUAAUGGAUUCCAAGACCGAUUACCAGGGAUUCCAGUCCAUGUACACCUUCGUCACCUCCCAUUUGCCCCCCGGAUUCAACGAGUACGAUUUCGUCCCCGAGUCCUUCGAUAGAGAUAAGACCAUAGCAUUGAUAAUGAACUCCUCCGGAUCCACCGGAUUGCCCAAGGGAGUCGCAUUGCCCCAUAGAACCGCAUGUGUCAGAUUCUCCCAUGCAAGAGAUCCCAUAUUCGGAAACCAGAUAAUACCCGAUACCGCAAUAUUGUCCGUCGUCCCCUUCCAUCAUGGAUUCGGAAUGUUCACCACCUUGGGAUACUUGAUAUGUGGAUUCAGAGUCGUCUUGAUGUACAGAUUCGAGGAGGAGUUGUUCUUGAGAUCCUUGCAGGAUUACAAGAUACAGUCCGCAUUGUUGGUCCCCACCUUGUUCUCCUUCUUCGCAAAGUCCACCUUGAUAGAUAAGUACGAUUUGUCCAACUUGCAUGAGAUAGCAUCCGGAGGAGCACCCUUGUCCAAGGAGGUCGGAGAGGCAGUCGCAAAGAGAUUCCAUUUGCCCGGAAUAAGACAGGGAUACGGAUUGACCGAGACCACCUCCGCAAUAUUGAUAACCCCCGAGGGAGAUGAUAAGCCCGGAGCAGUCGGAAAGGUCGUCCCCUUCUUCGAGGCAAAGGUCGUCGAUUUGGAUACCGGAAAGACCUUGGGAGUCAACCAGAGAGGAGAGUUGUGUGUCAGAGGACCCAUGAUAAUGUCCGGAUACGUCAACAACCCCGAGGCAACCAACGCAUUGAUAGAUAAGGAUGGAUGGUUGCAUUCCGGAGAUAUAGCAUACUGGGAUGAGGAUGAGCAUUUCUUCAUAGUCGAUAGAUUGAAGUCCUUGAUAAAGUACAAGGGAUACCAGGUCGCACCCGCAGAGUUGGAGUCCAUAUUGUUGCAGCAUCCCAACAUAUUCGAUGCAGGAGUCGCAGGAUUGCCCGAUGAUGAUGCAGGAGAGUUGCCCGCAGCAGUCGUCGUCUUGGAGCAUGGAAAGACCAUGACCGAGAAGGAGAUAGUCGAUUACGUCGCAUCCCAGGUCACCACCGCAAAGAAGUUGAGAGGAGGAGUCGUCUUCGUCGAUGAGGUCCCCAAGGGAUUGACCGGAAAGUUGGAUGCAAGAAAGAUAAGAGAGAUAUUGAUAAAGGCAAAGAAGGGAGGAAAGAUAGCAGUC
2A-2C,Luciferase,L26,AUGGAAGACGCCAAGAACAUAAAGAAGGGACCGGCCCCGUUCUAUCCGUUAGAAGACGGAACCGCCGGAGAACAAUUACACAAGGCCAUGAAGCGAUAUGCCUUAGUACCGGGAACCAUAGCCUUCACCGACGCCCACAUAGAAGUAGACAUAACCUAUGCCGAAUAUUUCGAAAUGUCUGUACGAUUAGCCGAAGCCAUGAAGCGAUAUGGAUUAAACACCAACCACCGAAUAGUAGUAUGUUCUGAAAACUCUUUACAAUUCUUCAUGCCGGUAUUAGGAGCCUUAUUCAUAGGAGUAGCCGUAGCCCCGGCCAACGACAUAUAUAACGAACGAGAAUUAUUAAACUCUAUGGGAAUAUCUCAACCGACCGUAGUAUUCGUAUCUAAGAAGGGAUUACAAAAGAUAUUAAACGUACAAAAGAAGUUACCGAUAAUACAAAAGAUAAUAAUAAUGGACUCUAAGACCGACUAUCAAGGAUUCCAAUCUAUGUAUACCUUCGUAACCUCUCACUUACCGCCGGGAUUCAACGAAUAUGACUUCGUACCGGAAUCUUUCGACCGAGACAAGACCAUAGCCUUAAUAAUGAACUCUUCUGGAUCUACCGGAUUACCGAAGGGAGUAGCCUUACCGCACCGAACCGCCUGUGUACGAUUCUCUCACGCCCGAGACCCGAUAUUCGGAAACCAAAUAAUACCGGACACCGCCAUAUUAUCUGUAGUACCGUUCCACCACGGAUUCGGAAUGUUCACCACCUUAGGAUAUUUAAUAUGUGGAUUCCGAGUAGUAUUAAUGUAUCGAUUCGAAGAAGAAUUAUUCUUACGAUCUUUACAAGACUAUAAGAUACAAUCUGCCUUAUUAGUACCGACCUUAUUCUCUUUCUUCGCCAAGUCUACCUUAAUAGACAAGUAUGACUUAUCUAACUUACACGAAAUAGCCUCUGGAGGAGCCCCGUUAUCUAAGGAAGUAGGAGAAGCCGUAGCCAAGCGAUUCCACUUACCGGGAAUACGACAAGGAUAUGGAUUAACCGAAACCACCUCUGCCAUAUUAAUAACCCCGGAAGGAGACGACAAGCCGGGAGCCGUAGGAAAGGUAGUACCGUUCUUCGAAGCCAAGGUAGUAGACUUAGACACCGGAAAGACCUUAGGAGUAAACCAACGAGGAGAAUUAUGUGUACGAGGACCGAUGAUAAUGUCUGGAUAUGUAAACAACCCGGAAGCCACCAACGCCUUAAUAGACAAGGACGGAUGGUUACACUCUGGAGACAUAGCCUAUUGGGACGAAGACGAACACUUCUUCAUAGUAGACCGAUUAAAGUCUUUAAUAAAGUAUAAGGGAUAUCAAGUAGCCCCGGCCGAAUUAGAAUCUAUAUUAUUACAACACCCGAACAUAUUCGACGCCGGAGUAGCCGGAUUACCGGACGACGACGCCGGAGAAUUACCGGCCGCCGUAGUAGUAUUAGAACACGGAAAGACCAUGACCGAAAAGGAAAUAGUAGACUAUGUAGCCUCUCAAGUAACCACCGCCAAGAAGUUACGAGGAGGAGUAGUAUUCGUAGACGAAGUACCGAAGGGAUUAACCGGAAAGUUAGACGCCCGAAAGAUACGAGAAAUAUUAAUAAAGGCCAAGAAGGGAGGAAAGAUAGCCGUA
2A-2C,Luciferase,L27,AUGGAGGACGCCAAGAACAUCAAGAAGGGCCCGGCCCCGUUUUAUCCGUUGGAGGACGGCACGGCCGGCGAGCAAUUGCACAAGGCCAUGAAGCGAUAUGCCUUGGUGCCGGGCACGAUCGCCUUUACGGACGCCCACAUCGAGGUGGACAUCACGUAUGCCGAGUAUUUUGAGAUGUCAGUGCGAUUGGCCGAGGCCAUGAAGCGAUAUGGCUUGAACACGAACCACCGAAUCGUGGUGUGUUCAGAGAACUCAUUGCAAUUUUUUAUGCCGGUGUUGGGCGCCUUGUUUAUCGGCGUGGCCGUGGCCCCGGCCAACGACAUCUAUAACGAGCGAGAGUUGUUGAACUCAAUGGGCAUCUCACAACCGACGGUGGUGUUUGUGUCAAAGAAGGGCUUGCAAAAGAUCUUGAACGUGCAAAAGAAGUUGCCGAUCAUCCAAAAGAUCAUCAUCAUGGACUCAAAGACGGACUAUCAAGGCUUUCAAUCAAUGUAUACGUUUGUGACGUCACACUUGCCGCCGGGCUUUAACGAGUAUGACUUUGUGCCGGAGUCAUUUGACCGAGACAAGACGAUCGCCUUGAUCAUGAACUCAUCAGGCUCAACGGGCUUGCCGAAGGGCGUGGCCUUGCCGCACCGAACGGCCUGUGUGCGAUUUUCACACGCCCGAGACCCGAUCUUUGGCAACCAAAUCAUCCCGGACACGGCCAUCUUGUCAGUGGUGCCGUUUCACCACGGCUUUGGCAUGUUUACGACGUUGGGCUAUUUGAUCUGUGGCUUUCGAGUGGUGUUGAUGUAUCGAUUUGAGGAGGAGUUGUUUUUGCGAUCAUUGCAAGACUAUAAGAUCCAAUCAGCCUUGUUGGUGCCGACGUUGUUUUCAUUUUUUGCCAAGUCAACGUUGAUCGACAAGUAUGACUUGUCAAACUUGCACGAGAUCGCCUCAGGCGGCGCCCCGUUGUCAAAGGAGGUGGGCGAGGCCGUGGCCAAGCGAUUUCACUUGCCGGGCAUCCGACAAGGCUAUGGCUUGACGGAGACGACGUCAGCCAUCUUGAUCACGCCGGAGGGCGACGACAAGCCGGGCGCCGUGGGCAAGGUGGUGCCGUUUUUUGAGGCCAAGGUGGUGGACUUGGACACGGGCAAGACGUUGGGCGUGAACCAACGAGGCGAGUUGUGUGUGCGAGGCCCGAUGAUCAUGUCAGGCUAUGUGAACAACCCGGAGGCCACGAACGCCUUGAUCGACAAGGACGGCUGGUUGCACUCAGGCGACAUCGCCUAUUGGGACGAGGACGAGCACUUUUUUAUCGUGGACCGAUUGAAGUCAUUGAUCAAGUAUAAGGGCUAUCAAGUGGCCCCGGCCGAGUUGGAGUCAAUCUUGUUGCAACACCCGAACAUCUUUGACGCCGGCGUGGCCGGCUUGCCGGACGACGACGCCGGCGAGUUGCCGGCCGCCGUGGUGGUGUUGGAGCACGGCAAGACGAUGACGGAGAAGGAGAUCGUGGACUAUGUGGCCUCACAAGUGACGACGGCCAAGAAGUUGCGAGGCGGCGUGGUGUUUGUGGACGAGGUGCCGAAGGGCUUGACGGGCAAGUUGGACGCCCGAAAGAUCCGAGAGAUCUUGAUCAAGGCCAAGAAGGGCGGCAAGAUCGCCGUG
2A-2C,Luciferase,L28,AUGGAAGAUGCCAAGAACAUUAAGAAGGGCCCAGCCCCAUUUUACCCACUCGAAGAUGGCACAGCCGGCGAACAGCUCCACAAGGCCAUGAAGCGAUACGCCCUCGUGCCAGGCACAAUUGCCUUUACAGAUGCCCACAUUGAAGUGGAUAUUACAUACGCCGAAUACUUUGAAAUGAGUGUGCGACUCGCCGAAGCCAUGAAGCGAUACGGCCUCAACACAAACCACCGAAUUGUGGUGUGUAGUGAAAACAGUCUCCAGUUUUUUAUGCCAGUGCUCGGCGCCCUCUUUAUUGGCGUGGCCGUGGCCCCAGCCAACGAUAUUUACAACGAACGAGAACUCCUCAACAGUAUGGGCAUUAGUCAGCCAACAGUGGUGUUUGUGAGUAAGAAGGGCCUCCAGAAGAUUCUCAACGUGCAGAAGAAGCUCCCAAUUAUUCAGAAGAUUAUUAUUAUGGAUAGUAAGACAGAUUACCAGGGCUUUCAGAGUAUGUACACAUUUGUGACAAGUCACCUCCCACCAGGCUUUAACGAAUACGAUUUUGUGCCAGAAAGUUUUGAUCGAGAUAAGACAAUUGCCCUCAUUAUGAACAGUAGUGGCAGUACAGGCCUCCCAAAGGGCGUGGCCCUCCCACACCGAACAGCCUGUGUGCGAUUUAGUCACGCCCGAGAUCCAAUUUUUGGCAACCAGAUUAUUCCAGAUACAGCCAUUCUCAGUGUGGUGCCAUUUCACCACGGCUUUGGCAUGUUUACAACACUCGGCUACCUCAUUUGUGGCUUUCGAGUGGUGCUCAUGUACCGAUUUGAAGAAGAACUCUUUCUCCGAAGUCUCCAGGAUUACAAGAUUCAGAGUGCCCUCCUCGUGCCAACACUCUUUAGUUUUUUUGCCAAGAGUACACUCAUUGAUAAGUACGAUCUCAGUAACCUCCACGAAAUUGCCAGUGGCGGCGCCCCACUCAGUAAGGAAGUGGGCGAAGCCGUGGCCAAGCGAUUUCACCUCCCAGGCAUUCGACAGGGCUACGGCCUCACAGAAACAACAAGUGCCAUUCUCAUUACACCAGAAGGCGAUGAUAAGCCAGGCGCCGUGGGCAAGGUGGUGCCAUUUUUUGAAGCCAAGGUGGUGGAUCUCGAUACAGGCAAGACACUCGGCGUGAACCAGCGAGGCGAACUCUGUGUGCGAGGCCCAAUGAUUAUGAGUGGCUACGUGAACAACCCAGAAGCCACAAACGCCCUCAUUGAUAAGGAUGGCUGGCUCCACAGUGGCGAUAUUGCCUACUGGGAUGAAGAUGAACACUUUUUUAUUGUGGAUCGACUCAAGAGUCUCAUUAAGUACAAGGGCUACCAGGUGGCCCCAGCCGAACUCGAAAGUAUUCUCCUCCAGCACCCAAACAUUUUUGAUGCCGGCGUGGCCGGCCUCCCAGAUGAUGAUGCCGGCGAACUCCCAGCCGCCGUGGUGGUGCUCGAACACGGCAAGACAAUGACAGAAAAGGAAAUUGUGGAUUACGUGGCCAGUCAGGUGACAACAGCCAAGAAGCUCCGAGGCGGCGUGGUGUUUGUGGAUGAAGUGCCAAAGGGCCUCACAGGCAAGCUCGAUGCCCGAAAGAUUCGAGAAAUUCUCAUUAAGGCCAAGAAGGGCGGCAAGAUUGCCGUG
2A-2C,Luciferase,L29,AUGGAAGACGCCAAGAAUAUUAAGAAGGGUCCGGCCCCGUUCUACCCGCUGGAAGACGGUACCGCCGGUGAACAACUGCACAAGGCCAUGAAGAGGUACGCCCUGGUACCGGGUACCAUUGCCUUCACCGACGCCCACAUUGAAGUAGACAUUACCUACGCCGAAUACUUCGAAAUGAGUGUAAGGCUGGCCGAAGCCAUGAAGAGGUACGGUCUGAAUACCAAUCACAGGAUUGUAGUAUGUAGUGAAAAUAGUCUGCAAUUCUUCAUGCCGGUACUGGGUGCCCUGUUCAUUGGUGUAGCCGUAGCCCCGGCCAAUGACAUUUACAAUGAAAGGGAACUGCUGAAUAGUAUGGGUAUUAGUCAACCGACCGUAGUAUUCGUAAGUAAGAAGGGUCUGCAAAAGAUUCUGAAUGUACAAAAGAAGCUGCCGAUUAUUCAAAAGAUUAUUAUUAUGGACAGUAAGACCGACUACCAAGGUUUCCAAAGUAUGUACACCUUCGUAACCAGUCACCUGCCGCCGGGUUUCAAUGAAUACGACUUCGUACCGGAAAGUUUCGACAGGGACAAGACCAUUGCCCUGAUUAUGAAUAGUAGUGGUAGUACCGGUCUGCCGAAGGGUGUAGCCCUGCCGCACAGGACCGCCUGUGUAAGGUUCAGUCACGCCAGGGACCCGAUUUUCGGUAAUCAAAUUAUUCCGGACACCGCCAUUCUGAGUGUAGUACCGUUCCACCACGGUUUCGGUAUGUUCACCACCCUGGGUUACCUGAUUUGUGGUUUCAGGGUAGUACUGAUGUACAGGUUCGAAGAAGAACUGUUCCUGAGGAGUCUGCAAGACUACAAGAUUCAAAGUGCCCUGCUGGUACCGACCCUGUUCAGUUUCUUCGCCAAGAGUACCCUGAUUGACAAGUACGACCUGAGUAAUCUGCACGAAAUUGCCAGUGGUGGUGCCCCGCUGAGUAAGGAAGUAGGUGAAGCCGUAGCCAAGAGGUUCCACCUGCCGGGUAUUAGGCAAGGUUACGGUCUGACCGAAACCACCAGUGCCAUUCUGAUUACCCCGGAAGGUGACGACAAGCCGGGUGCCGUAGGUAAGGUAGUACCGUUCUUCGAAGCCAAGGUAGUAGACCUGGACACCGGUAAGACCCUGGGUGUAAAUCAAAGGGGUGAACUGUGUGUAAGGGGUCCGAUGAUUAUGAGUGGUUACGUAAAUAAUCCGGAAGCCACCAAUGCCCUGAUUGACAAGGACGGUUGGCUGCACAGUGGUGACAUUGCCUACUGGGACGAAGACGAACACUUCUUCAUUGUAGACAGGCUGAAGAGUCUGAUUAAGUACAAGGGUUACCAAGUAGCCCCGGCCGAACUGGAAAGUAUUCUGCUGCAACACCCGAAUAUUUUCGACGCCGGUGUAGCCGGUCUGCCGGACGACGACGCCGGUGAACUGCCGGCCGCCGUAGUAGUACUGGAACACGGUAAGACCAUGACCGAAAAGGAAAUUGUAGACUACGUAGCCAGUCAAGUAACCACCGCCAAGAAGCUGAGGGGUGGUGUAGUAUUCGUAGACGAAGUACCGAAGGGUCUGACCGGUAAGCUGGACGCCAGGAAGAUUAGGGAAAUUCUGAUUAAGGCCAAGAAGGGUGGUAAGAUUGCCGUA
2A-2C,Luciferase,L30,AUGGAAGACGCGAAAAACAUAAAAAAAGGGCCCGCGCCCUUCUAUCCCCUGGAAGACGGGACUGCGGGGGAACAACUGCAUAAAGCGAUGAAACGCUAUGCGCUGGUUCCCGGGACUAUAGCGUUCACUGACGCGCAUAUAGAAGUUGACAUAACUUAUGCGGAAUAUUUCGAAAUGAGUGUUCGCCUGGCGGAAGCGAUGAAACGCUAUGGGCUGAACACUAACCAUCGCAUAGUUGUUUGUAGUGAAAACAGUCUGCAAUUCUUCAUGCCCGUUCUGGGGGCGCUGUUCAUAGGGGUUGCGGUUGCGCCCGCGAACGACAUAUAUAACGAACGCGAACUGCUGAACAGUAUGGGGAUAAGUCAACCCACUGUUGUUUUCGUUAGUAAAAAAGGGCUGCAAAAAAUACUGAACGUUCAAAAAAAACUGCCCAUAAUACAAAAAAUAAUAAUAAUGGACAGUAAAACUGACUAUCAAGGGUUCCAAAGUAUGUAUACUUUCGUUACUAGUCAUCUGCCCCCCGGGUUCAACGAAUAUGACUUCGUUCCCGAAAGUUUCGACCGCGACAAAACUAUAGCGCUGAUAAUGAACAGUAGUGGGAGUACUGGGCUGCCCAAAGGGGUUGCGCUGCCCCAUCGCACUGCGUGUGUUCGCUUCAGUCAUGCGCGCGACCCCAUAUUCGGGAACCAAAUAAUACCCGACACUGCGAUACUGAGUGUUGUUCCCUUCCAUCAUGGGUUCGGGAUGUUCACUACUCUGGGGUAUCUGAUAUGUGGGUUCCGCGUUGUUCUGAUGUAUCGCUUCGAAGAAGAACUGUUCCUGCGCAGUCUGCAAGACUAUAAAAUACAAAGUGCGCUGCUGGUUCCCACUCUGUUCAGUUUCUUCGCGAAAAGUACUCUGAUAGACAAAUAUGACCUGAGUAACCUGCAUGAAAUAGCGAGUGGGGGGGCGCCCCUGAGUAAAGAAGUUGGGGAAGCGGUUGCGAAACGCUUCCAUCUGCCCGGGAUACGCCAAGGGUAUGGGCUGACUGAAACUACUAGUGCGAUACUGAUAACUCCCGAAGGGGACGACAAACCCGGGGCGGUUGGGAAAGUUGUUCCCUUCUUCGAAGCGAAAGUUGUUGACCUGGACACUGGGAAAACUCUGGGGGUUAACCAACGCGGGGAACUGUGUGUUCGCGGGCCCAUGAUAAUGAGUGGGUAUGUUAACAACCCCGAAGCGACUAACGCGCUGAUAGACAAAGACGGGUGGCUGCAUAGUGGGGACAUAGCGUAUUGGGACGAAGACGAACAUUUCUUCAUAGUUGACCGCCUGAAAAGUCUGAUAAAAUAUAAAGGGUAUCAAGUUGCGCCCGCGGAACUGGAAAGUAUACUGCUGCAACAUCCCAACAUAUUCGACGCGGGGGUUGCGGGGCUGCCCGACGACGACGCGGGGGAACUGCCCGCGGCGGUUGUUGUUCUGGAACAUGGGAAAACUAUGACUGAAAAAGAAAUAGUUGACUAUGUUGCGAGUCAAGUUACUACUGCGAAAAAACUGCGCGGGGGGGUUGUUUUCGUUGACGAAGUUCCCAAAGGGCUGACUGGGAAACUGGACGCGCGCAAAAUACGCGAAAUACUGAUAAAAGCGAAAAAAGGGGGGAAAAUAGCGGUU
2A-2C,Luciferase,L31,AUGGAGGACGCGAAGAAUAUCAAGAAGGGGCCGGCGCCGUUCUACCCGUUAGAGGACGGGACUGCGGGGGAGCAAUUACAUAAGGCGAUGAAGAGGUACGCGUUAGUACCGGGGACUAUCGCGUUCACUGACGCGCAUAUCGAGGUAGACAUCACUUACGCGGAGUACUUCGAGAUGUCCGUAAGGUUAGCGGAGGCGAUGAAGAGGUACGGGUUAAAUACUAAUCAUAGGAUCGUAGUAUGCUCCGAGAAUUCCUUACAAUUCUUCAUGCCGGUAUUAGGGGCGUUAUUCAUCGGGGUAGCGGUAGCGCCGGCGAAUGACAUCUACAAUGAGAGGGAGUUAUUAAAUUCCAUGGGGAUCUCCCAACCGACUGUAGUAUUCGUAUCCAAGAAGGGGUUACAAAAGAUCUUAAAUGUACAAAAGAAGUUACCGAUCAUCCAAAAGAUCAUCAUCAUGGACUCCAAGACUGACUACCAAGGGUUCCAAUCCAUGUACACUUUCGUAACUUCCCAUUUACCGCCGGGGUUCAAUGAGUACGACUUCGUACCGGAGUCCUUCGACAGGGACAAGACUAUCGCGUUAAUCAUGAAUUCCUCCGGGUCCACUGGGUUACCGAAGGGGGUAGCGUUACCGCAUAGGACUGCGUGCGUAAGGUUCUCCCAUGCGAGGGACCCGAUCUUCGGGAAUCAAAUCAUCCCGGACACUGCGAUCUUAUCCGUAGUACCGUUCCAUCAUGGGUUCGGGAUGUUCACUACUUUAGGGUACUUAAUCUGCGGGUUCAGGGUAGUAUUAAUGUACAGGUUCGAGGAGGAGUUAUUCUUAAGGUCCUUACAAGACUACAAGAUCCAAUCCGCGUUAUUAGUACCGACUUUAUUCUCCUUCUUCGCGAAGUCCACUUUAAUCGACAAGUACGACUUAUCCAAUUUACAUGAGAUCGCGUCCGGGGGGGCGCCGUUAUCCAAGGAGGUAGGGGAGGCGGUAGCGAAGAGGUUCCAUUUACCGGGGAUCAGGCAAGGGUACGGGUUAACUGAGACUACUUCCGCGAUCUUAAUCACUCCGGAGGGGGACGACAAGCCGGGGGCGGUAGGGAAGGUAGUACCGUUCUUCGAGGCGAAGGUAGUAGACUUAGACACUGGGAAGACUUUAGGGGUAAAUCAAAGGGGGGAGUUAUGCGUAAGGGGGCCGAUGAUCAUGUCCGGGUACGUAAAUAAUCCGGAGGCGACUAAUGCGUUAAUCGACAAGGACGGGUGGUUACAUUCCGGGGACAUCGCGUACUGGGACGAGGACGAGCAUUUCUUCAUCGUAGACAGGUUAAAGUCCUUAAUCAAGUACAAGGGGUACCAAGUAGCGCCGGCGGAGUUAGAGUCCAUCUUAUUACAACAUCCGAAUAUCUUCGACGCGGGGGUAGCGGGGUUACCGGACGACGACGCGGGGGAGUUACCGGCGGCGGUAGUAGUAUUAGAGCAUGGGAAGACUAUGACUGAGAAGGAGAUCGUAGACUACGUAGCGUCCCAAGUAACUACUGCGAAGAAGUUAAGGGGGGGGGUAGUAUUCGUAGACGAGGUACCGAAGGGGUUAACUGGGAAGUUAGACGCGAGGAAGAUCAGGGAGAUCUUAAUCAAGGCGAAGAAGGGGGGGAAGAUCGCGGUA
2A-2C,Luciferase,L32,AUGGAAGACGCCAAAAACAUAAAAAAAGGACCAGCCCCAUUCUAUCCAUUAGAAGACGGAACUGCCGGAGAACAAUUACAUAAAGCCAUGAAACGCUAUGCCUUAGUGCCAGGAACUAUAGCCUUCACUGACGCCCAUAUAGAAGUGGACAUAACUUAUGCCGAAUAUUUCGAAAUGUCCGUGCGCUUAGCCGAAGCCAUGAAACGCUAUGGAUUAAACACUAACCAUCGCAUAGUGGUGUGCUCCGAAAACUCCUUACAAUUCUUCAUGCCAGUGUUAGGAGCCUUAUUCAUAGGAGUGGCCGUGGCCCCAGCCAACGACAUAUAUAACGAACGCGAAUUAUUAAACUCCAUGGGAAUAUCCCAACCAACUGUGGUGUUCGUGUCCAAAAAAGGAUUACAAAAAAUAUUAAACGUGCAAAAAAAAUUACCAAUAAUACAAAAAAUAAUAAUAAUGGACUCCAAAACUGACUAUCAAGGAUUCCAAUCCAUGUAUACUUUCGUGACUUCCCAUUUACCACCAGGAUUCAACGAAUAUGACUUCGUGCCAGAAUCCUUCGACCGCGACAAAACUAUAGCCUUAAUAAUGAACUCCUCCGGAUCCACUGGAUUACCAAAAGGAGUGGCCUUACCACAUCGCACUGCCUGCGUGCGCUUCUCCCAUGCCCGCGACCCAAUAUUCGGAAACCAAAUAAUACCAGACACUGCCAUAUUAUCCGUGGUGCCAUUCCAUCAUGGAUUCGGAAUGUUCACUACUUUAGGAUAUUUAAUAUGCGGAUUCCGCGUGGUGUUAAUGUAUCGCUUCGAAGAAGAAUUAUUCUUACGCUCCUUACAAGACUAUAAAAUACAAUCCGCCUUAUUAGUGCCAACUUUAUUCUCCUUCUUCGCCAAAUCCACUUUAAUAGACAAAUAUGACUUAUCCAACUUACAUGAAAUAGCCUCCGGAGGAGCCCCAUUAUCCAAAGAAGUGGGAGAAGCCGUGGCCAAACGCUUCCAUUUACCAGGAAUACGCCAAGGAUAUGGAUUAACUGAAACUACUUCCGCCAUAUUAAUAACUCCAGAAGGAGACGACAAACCAGGAGCCGUGGGAAAAGUGGUGCCAUUCUUCGAAGCCAAAGUGGUGGACUUAGACACUGGAAAAACUUUAGGAGUGAACCAACGCGGAGAAUUAUGCGUGCGCGGACCAAUGAUAAUGUCCGGAUAUGUGAACAACCCAGAAGCCACUAACGCCUUAAUAGACAAAGACGGAUGGUUACAUUCCGGAGACAUAGCCUAUUGGGACGAAGACGAACAUUUCUUCAUAGUGGACCGCUUAAAAUCCUUAAUAAAAUAUAAAGGAUAUCAAGUGGCCCCAGCCGAAUUAGAAUCCAUAUUAUUACAACAUCCAAACAUAUUCGACGCCGGAGUGGCCGGAUUACCAGACGACGACGCCGGAGAAUUACCAGCCGCCGUGGUGGUGUUAGAACAUGGAAAAACUAUGACUGAAAAAGAAAUAGUGGACUAUGUGGCCUCCCAAGUGACUACUGCCAAAAAAUUACGCGGAGGAGUGGUGUUCGUGGACGAAGUGCCAAAAGGAUUAACUGGAAAAUUAGACGCCCGCAAAAUACGCGAAAUAUUAAUAAAAGCCAAAAAAGGAGGAAAAAUAGCCGUG
2A-2C,Luciferase,L33,AUGGAGGACGCGAAAAAUAUAAAAAAAGGACCGGCGCCGUUUUAUCCGUUGGAGGACGGAACCGCGGGAGAGCAGUUGCACAAAGCGAUGAAAAGAUAUGCGUUGGUGCCGGGAACCAUAGCGUUUACCGACGCGCACAUAGAGGUGGACAUAACCUAUGCGGAGUAUUUUGAGAUGUCCGUGAGAUUGGCGGAGGCGAUGAAAAGAUAUGGAUUGAAUACCAAUCACAGAAUAGUGGUGUGCUCCGAGAAUUCCUUGCAGUUUUUUAUGCCGGUGUUGGGAGCGUUGUUUAUAGGAGUGGCGGUGGCGCCGGCGAAUGACAUAUAUAAUGAGAGAGAGUUGUUGAAUUCCAUGGGAAUAUCCCAGCCGACCGUGGUGUUUGUGUCCAAAAAAGGAUUGCAGAAAAUAUUGAAUGUGCAGAAAAAAUUGCCGAUAAUACAGAAAAUAAUAAUAAUGGACUCCAAAACCGACUAUCAGGGAUUUCAGUCCAUGUAUACCUUUGUGACCUCCCACUUGCCGCCGGGAUUUAAUGAGUAUGACUUUGUGCCGGAGUCCUUUGACAGAGACAAAACCAUAGCGUUGAUAAUGAAUUCCUCCGGAUCCACCGGAUUGCCGAAAGGAGUGGCGUUGCCGCACAGAACCGCGUGCGUGAGAUUUUCCCACGCGAGAGACCCGAUAUUUGGAAAUCAGAUAAUACCGGACACCGCGAUAUUGUCCGUGGUGCCGUUUCACCACGGAUUUGGAAUGUUUACCACCUUGGGAUAUUUGAUAUGCGGAUUUAGAGUGGUGUUGAUGUAUAGAUUUGAGGAGGAGUUGUUUUUGAGAUCCUUGCAGGACUAUAAAAUACAGUCCGCGUUGUUGGUGCCGACCUUGUUUUCCUUUUUUGCGAAAUCCACCUUGAUAGACAAAUAUGACUUGUCCAAUUUGCACGAGAUAGCGUCCGGAGGAGCGCCGUUGUCCAAAGAGGUGGGAGAGGCGGUGGCGAAAAGAUUUCACUUGCCGGGAAUAAGACAGGGAUAUGGAUUGACCGAGACCACCUCCGCGAUAUUGAUAACCCCGGAGGGAGACGACAAACCGGGAGCGGUGGGAAAAGUGGUGCCGUUUUUUGAGGCGAAAGUGGUGGACUUGGACACCGGAAAAACCUUGGGAGUGAAUCAGAGAGGAGAGUUGUGCGUGAGAGGACCGAUGAUAAUGUCCGGAUAUGUGAAUAAUCCGGAGGCGACCAAUGCGUUGAUAGACAAAGACGGAUGGUUGCACUCCGGAGACAUAGCGUAUUGGGACGAGGACGAGCACUUUUUUAUAGUGGACAGAUUGAAAUCCUUGAUAAAAUAUAAAGGAUAUCAGGUGGCGCCGGCGGAGUUGGAGUCCAUAUUGUUGCAGCACCCGAAUAUAUUUGACGCGGGAGUGGCGGGAUUGCCGGACGACGACGCGGGAGAGUUGCCGGCGGCGGUGGUGGUGUUGGAGCACGGAAAAACCAUGACCGAGAAAGAGAUAGUGGACUAUGUGGCGUCCCAGGUGACCACCGCGAAAAAAUUGAGAGGAGGAGUGGUGUUUGUGGACGAGGUGCCGAAAGGAUUGACCGGAAAAUUGGACGCGAGAAAAAUAAGAGAGAUAUUGAUAAAAGCGAAAAAAGGAGGAAAAAUAGCGGUG
2A-2C,Luciferase,L34,AUGGAGGAUGCAAAAAACAUAAAAAAAGGCCCGGCACCGUUCUACCCGCUUGAGGAUGGCACGGCAGGCGAGCAGCUUCAUAAAGCAAUGAAACGUUACGCACUUGUACCGGGCACGAUAGCAUUCACGGAUGCACAUAUAGAGGUAGAUAUAACGUACGCAGAGUACUUCGAGAUGUCAGUACGUCUUGCAGAGGCAAUGAAACGUUACGGCCUUAACACGAACCAUCGUAUAGUAGUAUGCUCAGAGAACUCACUUCAGUUCUUCAUGCCGGUACUUGGCGCACUUUUCAUAGGCGUAGCAGUAGCACCGGCAAACGAUAUAUACAACGAGCGUGAGCUUCUUAACUCAAUGGGCAUAUCACAGCCGACGGUAGUAUUCGUAUCAAAAAAAGGCCUUCAGAAAAUACUUAACGUACAGAAAAAACUUCCGAUAAUACAGAAAAUAAUAAUAAUGGAUUCAAAAACGGAUUACCAGGGCUUCCAGUCAAUGUACACGUUCGUAACGUCACAUCUUCCGCCGGGCUUCAACGAGUACGAUUUCGUACCGGAGUCAUUCGAUCGUGAUAAAACGAUAGCACUUAUAAUGAACUCAUCAGGCUCAACGGGCCUUCCGAAAGGCGUAGCACUUCCGCAUCGUACGGCAUGCGUACGUUUCUCACAUGCACGUGAUCCGAUAUUCGGCAACCAGAUAAUACCGGAUACGGCAAUACUUUCAGUAGUACCGUUCCAUCAUGGCUUCGGCAUGUUCACGACGCUUGGCUACCUUAUAUGCGGCUUCCGUGUAGUACUUAUGUACCGUUUCGAGGAGGAGCUUUUCCUUCGUUCACUUCAGGAUUACAAAAUACAGUCAGCACUUCUUGUACCGACGCUUUUCUCAUUCUUCGCAAAAUCAACGCUUAUAGAUAAAUACGAUCUUUCAAACCUUCAUGAGAUAGCAUCAGGCGGCGCACCGCUUUCAAAAGAGGUAGGCGAGGCAGUAGCAAAACGUUUCCAUCUUCCGGGCAUACGUCAGGGCUACGGCCUUACGGAGACGACGUCAGCAAUACUUAUAACGCCGGAGGGCGAUGAUAAACCGGGCGCAGUAGGCAAAGUAGUACCGUUCUUCGAGGCAAAAGUAGUAGAUCUUGAUACGGGCAAAACGCUUGGCGUAAACCAGCGUGGCGAGCUUUGCGUACGUGGCCCGAUGAUAAUGUCAGGCUACGUAAACAACCCGGAGGCAACGAACGCACUUAUAGAUAAAGAUGGCUGGCUUCAUUCAGGCGAUAUAGCAUACUGGGAUGAGGAUGAGCAUUUCUUCAUAGUAGAUCGUCUUAAAUCACUUAUAAAAUACAAAGGCUACCAGGUAGCACCGGCAGAGCUUGAGUCAAUACUUCUUCAGCAUCCGAACAUAUUCGAUGCAGGCGUAGCAGGCCUUCCGGAUGAUGAUGCAGGCGAGCUUCCGGCAGCAGUAGUAGUACUUGAGCAUGGCAAAACGAUGACGGAGAAAGAGAUAGUAGAUUACGUAGCAUCACAGGUAACGACGGCAAAAAAACUUCGUGGCGGCGUAGUAUUCGUAGAUGAGGUACCGAAAGGCCUUACGGGCAAACUUGAUGCACGUAAAAUACGUGAGAUACUUAUAAAAGCAAAAAAAGGCGGCAAAAUAGCAGUA
2A-2C,Luciferase,L35,AUGGAAGAUGCGAAAAACAUAAAAAAAGGACCAGCGCCAUUCUACCCAUUGGAAGAUGGAACCGCGGGAGAACAAUUGCAUAAAGCGAUGAAACGUUACGCGUUGGUGCCAGGAACCAUAGCGUUCACCGAUGCGCAUAUAGAAGUGGAUAUAACCUACGCGGAAUACUUCGAAAUGAGUGUGCGUUUGGCGGAAGCGAUGAAACGUUACGGAUUGAACACCAACCAUCGUAUAGUGGUGUGUAGUGAAAACAGUUUGCAAUUCUUCAUGCCAGUGUUGGGAGCGUUGUUCAUAGGAGUGGCGGUGGCGCCAGCGAACGAUAUAUACAACGAACGUGAAUUGUUGAACAGUAUGGGAAUAAGUCAACCAACCGUGGUGUUCGUGAGUAAAAAAGGAUUGCAAAAAAUAUUGAACGUGCAAAAAAAAUUGCCAAUAAUACAAAAAAUAAUAAUAAUGGAUAGUAAAACCGAUUACCAAGGAUUCCAAAGUAUGUACACCUUCGUGACCAGUCAUUUGCCACCAGGAUUCAACGAAUACGAUUUCGUGCCAGAAAGUUUCGAUCGUGAUAAAACCAUAGCGUUGAUAAUGAACAGUAGUGGAAGUACCGGAUUGCCAAAAGGAGUGGCGUUGCCACAUCGUACCGCGUGUGUGCGUUUCAGUCAUGCGCGUGAUCCAAUAUUCGGAAACCAAAUAAUACCAGAUACCGCGAUAUUGAGUGUGGUGCCAUUCCAUCAUGGAUUCGGAAUGUUCACCACCUUGGGAUACUUGAUAUGUGGAUUCCGUGUGGUGUUGAUGUACCGUUUCGAAGAAGAAUUGUUCUUGCGUAGUUUGCAAGAUUACAAAAUACAAAGUGCGUUGUUGGUGCCAACCUUGUUCAGUUUCUUCGCGAAAAGUACCUUGAUAGAUAAAUACGAUUUGAGUAACUUGCAUGAAAUAGCGAGUGGAGGAGCGCCAUUGAGUAAAGAAGUGGGAGAAGCGGUGGCGAAACGUUUCCAUUUGCCAGGAAUACGUCAAGGAUACGGAUUGACCGAAACCACCAGUGCGAUAUUGAUAACCCCAGAAGGAGAUGAUAAACCAGGAGCGGUGGGAAAAGUGGUGCCAUUCUUCGAAGCGAAAGUGGUGGAUUUGGAUACCGGAAAAACCUUGGGAGUGAACCAACGUGGAGAAUUGUGUGUGCGUGGACCAAUGAUAAUGAGUGGAUACGUGAACAACCCAGAAGCGACCAACGCGUUGAUAGAUAAAGAUGGAUGGUUGCAUAGUGGAGAUAUAGCGUACUGGGAUGAAGAUGAACAUUUCUUCAUAGUGGAUCGUUUGAAAAGUUUGAUAAAAUACAAAGGAUACCAAGUGGCGCCAGCGGAAUUGGAAAGUAUAUUGUUGCAACAUCCAAACAUAUUCGAUGCGGGAGUGGCGGGAUUGCCAGAUGAUGAUGCGGGAGAAUUGCCAGCGGCGGUGGUGGUGUUGGAACAUGGAAAAACCAUGACCGAAAAAGAAAUAGUGGAUUACGUGGCGAGUCAAGUGACCACCGCGAAAAAAUUGCGUGGAGGAGUGGUGUUCGUGGAUGAAGUGCCAAAAGGAUUGACCGGAAAAUUGGAUGCGCGUAAAAUACGUGAAAUAUUGAUAAAAGCGAAAAAAGGAGGAAAAAUAGCGGUG
2A-2C,Luciferase,L36,AUGGAAGACGCUAAGAACAUUAAGAAGGGGCCAGCUCCAUUUUAUCCACUGGAAGACGGGACGGCUGGGGAACAACUGCAUAAGGCUAUGAAGAGGUAUGCUCUGGUGCCAGGGACGAUUGCUUUUACGGACGCUCAUAUUGAAGUGGACAUUACGUAUGCUGAAUAUUUUGAAAUGAGCGUGAGGCUGGCUGAAGCUAUGAAGAGGUAUGGGCUGAACACGAACCAUAGGAUUGUGGUGUGUAGCGAAAACAGCCUGCAAUUUUUUAUGCCAGUGCUGGGGGCUCUGUUUAUUGGGGUGGCUGUGGCUCCAGCUAACGACAUUUAUAACGAAAGGGAACUGCUGAACAGCAUGGGGAUUAGCCAACCAACGGUGGUGUUUGUGAGCAAGAAGGGGCUGCAAAAGAUUCUGAACGUGCAAAAGAAGCUGCCAAUUAUUCAAAAGAUUAUUAUUAUGGACAGCAAGACGGACUAUCAAGGGUUUCAAAGCAUGUAUACGUUUGUGACGAGCCAUCUGCCACCAGGGUUUAACGAAUAUGACUUUGUGCCAGAAAGCUUUGACAGGGACAAGACGAUUGCUCUGAUUAUGAACAGCAGCGGGAGCACGGGGCUGCCAAAGGGGGUGGCUCUGCCACAUAGGACGGCUUGUGUGAGGUUUAGCCAUGCUAGGGACCCAAUUUUUGGGAACCAAAUUAUUCCAGACACGGCUAUUCUGAGCGUGGUGCCAUUUCAUCAUGGGUUUGGGAUGUUUACGACGCUGGGGUAUCUGAUUUGUGGGUUUAGGGUGGUGCUGAUGUAUAGGUUUGAAGAAGAACUGUUUCUGAGGAGCCUGCAAGACUAUAAGAUUCAAAGCGCUCUGCUGGUGCCAACGCUGUUUAGCUUUUUUGCUAAGAGCACGCUGAUUGACAAGUAUGACCUGAGCAACCUGCAUGAAAUUGCUAGCGGGGGGGCUCCACUGAGCAAGGAAGUGGGGGAAGCUGUGGCUAAGAGGUUUCAUCUGCCAGGGAUUAGGCAAGGGUAUGGGCUGACGGAAACGACGAGCGCUAUUCUGAUUACGCCAGAAGGGGACGACAAGCCAGGGGCUGUGGGGAAGGUGGUGCCAUUUUUUGAAGCUAAGGUGGUGGACCUGGACACGGGGAAGACGCUGGGGGUGAACCAAAGGGGGGAACUGUGUGUGAGGGGGCCAAUGAUUAUGAGCGGGUAUGUGAACAACCCAGAAGCUACGAACGCUCUGAUUGACAAGGACGGGUGGCUGCAUAGCGGGGACAUUGCUUAUUGGGACGAAGACGAACAUUUUUUUAUUGUGGACAGGCUGAAGAGCCUGAUUAAGUAUAAGGGGUAUCAAGUGGCUCCAGCUGAACUGGAAAGCAUUCUGCUGCAACAUCCAAACAUUUUUGACGCUGGGGUGGCUGGGCUGCCAGACGACGACGCUGGGGAACUGCCAGCUGCUGUGGUGGUGCUGGAACAUGGGAAGACGAUGACGGAAAAGGAAAUUGUGGACUAUGUGGCUAGCCAAGUGACGACGGCUAAGAAGCUGAGGGGGGGGGUGGUGUUUGUGGACGAAGUGCCAAAGGGGCUGACGGGGAAGCUGGACGCUAGGAAGAUUAGGGAAAUUCUGAUUAAGGCUAAGAAGGGGGGGAAGAUUGCUGUG
2A-2C,Luciferase,L37,AUGGAAGACGCAAAAAAUAUUAAAAAAGGACCAGCACCAUUUUACCCACUAGAAGACGGAACUGCAGGAGAACAGCUACAUAAAGCAAUGAAACGUUACGCACUAGUCCCAGGAACUAUUGCAUUUACUGACGCACAUAUUGAAGUCGACAUUACUUACGCAGAAUACUUUGAAAUGAGCGUCCGUCUAGCAGAAGCAAUGAAACGUUACGGACUAAAUACUAAUCAUCGUAUUGUCGUCUGUAGCGAAAAUAGCCUACAGUUUUUUAUGCCAGUCCUAGGAGCACUAUUUAUUGGAGUCGCAGUCGCACCAGCAAAUGACAUUUACAAUGAACGUGAACUACUAAAUAGCAUGGGAAUUAGCCAGCCAACUGUCGUCUUUGUCAGCAAAAAAGGACUACAGAAAAUUCUAAAUGUCCAGAAAAAACUACCAAUUAUUCAGAAAAUUAUUAUUAUGGACAGCAAAACUGACUACCAGGGAUUUCAGAGCAUGUACACUUUUGUCACUAGCCAUCUACCACCAGGAUUUAAUGAAUACGACUUUGUCCCAGAAAGCUUUGACCGUGACAAAACUAUUGCACUAAUUAUGAAUAGCAGCGGAAGCACUGGACUACCAAAAGGAGUCGCACUACCACAUCGUACUGCAUGUGUCCGUUUUAGCCAUGCACGUGACCCAAUUUUUGGAAAUCAGAUUAUUCCAGACACUGCAAUUCUAAGCGUCGUCCCAUUUCAUCAUGGAUUUGGAAUGUUUACUACUCUAGGAUACCUAAUUUGUGGAUUUCGUGUCGUCCUAAUGUACCGUUUUGAAGAAGAACUAUUUCUACGUAGCCUACAGGACUACAAAAUUCAGAGCGCACUACUAGUCCCAACUCUAUUUAGCUUUUUUGCAAAAAGCACUCUAAUUGACAAAUACGACCUAAGCAAUCUACAUGAAAUUGCAAGCGGAGGAGCACCACUAAGCAAAGAAGUCGGAGAAGCAGUCGCAAAACGUUUUCAUCUACCAGGAAUUCGUCAGGGAUACGGACUAACUGAAACUACUAGCGCAAUUCUAAUUACUCCAGAAGGAGACGACAAACCAGGAGCAGUCGGAAAAGUCGUCCCAUUUUUUGAAGCAAAAGUCGUCGACCUAGACACUGGAAAAACUCUAGGAGUCAAUCAGCGUGGAGAACUAUGUGUCCGUGGACCAAUGAUUAUGAGCGGAUACGUCAAUAAUCCAGAAGCAACUAAUGCACUAAUUGACAAAGACGGAUGGCUACAUAGCGGAGACAUUGCAUACUGGGACGAAGACGAACAUUUUUUUAUUGUCGACCGUCUAAAAAGCCUAAUUAAAUACAAAGGAUACCAGGUCGCACCAGCAGAACUAGAAAGCAUUCUACUACAGCAUCCAAAUAUUUUUGACGCAGGAGUCGCAGGACUACCAGACGACGACGCAGGAGAACUACCAGCAGCAGUCGUCGUCCUAGAACAUGGAAAAACUAUGACUGAAAAAGAAAUUGUCGACUACGUCGCAAGCCAGGUCACUACUGCAAAAAAACUACGUGGAGGAGUCGUCUUUGUCGACGAAGUCCCAAAAGGACUAACUGGAAAACUAGACGCACGUAAAAUUCGUGAAAUUCUAAUUAAAGCAAAAAAAGGAGGAAAAAUUGCAGUC
2A-2C,Luciferase,L38,AUGGAGGAUGCAAAGAAUAUUAAGAAGGGUCCGGCACCGUUCUAUCCGCUCGAGGAUGGUACGGCAGGUGAGCAACUCCACAAGGCAAUGAAGAGAUAUGCACUCGUACCGGGUACGAUUGCAUUCACGGAUGCACACAUUGAGGUAGAUAUUACGUAUGCAGAGUAUUUCGAGAUGAGCGUAAGACUCGCAGAGGCAAUGAAGAGAUAUGGUCUCAAUACGAAUCACAGAAUUGUAGUAUGCAGCGAGAAUAGCCUCCAAUUCUUCAUGCCGGUACUCGGUGCACUCUUCAUUGGUGUAGCAGUAGCACCGGCAAAUGAUAUUUAUAAUGAGAGAGAGCUCCUCAAUAGCAUGGGUAUUAGCCAACCGACGGUAGUAUUCGUAAGCAAGAAGGGUCUCCAAAAGAUUCUCAAUGUACAAAAGAAGCUCCCGAUUAUUCAAAAGAUUAUUAUUAUGGAUAGCAAGACGGAUUAUCAAGGUUUCCAAAGCAUGUAUACGUUCGUAACGAGCCACCUCCCGCCGGGUUUCAAUGAGUAUGAUUUCGUACCGGAGAGCUUCGAUAGAGAUAAGACGAUUGCACUCAUUAUGAAUAGCAGCGGUAGCACGGGUCUCCCGAAGGGUGUAGCACUCCCGCACAGAACGGCAUGCGUAAGAUUCAGCCACGCAAGAGAUCCGAUUUUCGGUAAUCAAAUUAUUCCGGAUACGGCAAUUCUCAGCGUAGUACCGUUCCACCACGGUUUCGGUAUGUUCACGACGCUCGGUUAUCUCAUUUGCGGUUUCAGAGUAGUACUCAUGUAUAGAUUCGAGGAGGAGCUCUUCCUCAGAAGCCUCCAAGAUUAUAAGAUUCAAAGCGCACUCCUCGUACCGACGCUCUUCAGCUUCUUCGCAAAGAGCACGCUCAUUGAUAAGUAUGAUCUCAGCAAUCUCCACGAGAUUGCAAGCGGUGGUGCACCGCUCAGCAAGGAGGUAGGUGAGGCAGUAGCAAAGAGAUUCCACCUCCCGGGUAUUAGACAAGGUUAUGGUCUCACGGAGACGACGAGCGCAAUUCUCAUUACGCCGGAGGGUGAUGAUAAGCCGGGUGCAGUAGGUAAGGUAGUACCGUUCUUCGAGGCAAAGGUAGUAGAUCUCGAUACGGGUAAGACGCUCGGUGUAAAUCAAAGAGGUGAGCUCUGCGUAAGAGGUCCGAUGAUUAUGAGCGGUUAUGUAAAUAAUCCGGAGGCAACGAAUGCACUCAUUGAUAAGGAUGGUUGGCUCCACAGCGGUGAUAUUGCAUAUUGGGAUGAGGAUGAGCACUUCUUCAUUGUAGAUAGACUCAAGAGCCUCAUUAAGUAUAAGGGUUAUCAAGUAGCACCGGCAGAGCUCGAGAGCAUUCUCCUCCAACACCCGAAUAUUUUCGAUGCAGGUGUAGCAGGUCUCCCGGAUGAUGAUGCAGGUGAGCUCCCGGCAGCAGUAGUAGUACUCGAGCACGGUAAGACGAUGACGGAGAAGGAGAUUGUAGAUUAUGUAGCAAGCCAAGUAACGACGGCAAAGAAGCUCAGAGGUGGUGUAGUAUUCGUAGAUGAGGUACCGAAGGGUCUCACGGGUAAGCUCGAUGCAAGAAAGAUUAGAGAGAUUCUCAUUAAGGCAAAGAAGGGUGGUAAGAUUGCAGUA
2A-2C,Luciferase,L39,AUGGAGGAUGCCAAGAAUAUAAAGAAGGGCCCCGCCCCCUUCUACCCCUUAGAGGAUGGCACUGCCGGCGAGCAAUUACACAAGGCCAUGAAGAGAUACGCCUUAGUACCCGGCACUAUAGCCUUCACUGAUGCCCACAUAGAGGUAGAUAUAACUUACGCCGAGUACUUCGAGAUGAGUGUAAGAUUAGCCGAGGCCAUGAAGAGAUACGGCUUAAAUACUAAUCACAGAAUAGUAGUAUGCAGUGAGAAUAGUUUACAAUUCUUCAUGCCCGUAUUAGGCGCCUUAUUCAUAGGCGUAGCCGUAGCCCCCGCCAAUGAUAUAUACAAUGAGAGAGAGUUAUUAAAUAGUAUGGGCAUAAGUCAACCCACUGUAGUAUUCGUAAGUAAGAAGGGCUUACAAAAGAUAUUAAAUGUACAAAAGAAGUUACCCAUAAUACAAAAGAUAAUAAUAAUGGAUAGUAAGACUGAUUACCAAGGCUUCCAAAGUAUGUACACUUUCGUAACUAGUCACUUACCCCCCGGCUUCAAUGAGUACGAUUUCGUACCCGAGAGUUUCGAUAGAGAUAAGACUAUAGCCUUAAUAAUGAAUAGUAGUGGCAGUACUGGCUUACCCAAGGGCGUAGCCUUACCCCACAGAACUGCCUGCGUAAGAUUCAGUCACGCCAGAGAUCCCAUAUUCGGCAAUCAAAUAAUACCCGAUACUGCCAUAUUAAGUGUAGUACCCUUCCACCACGGCUUCGGCAUGUUCACUACUUUAGGCUACUUAAUAUGCGGCUUCAGAGUAGUAUUAAUGUACAGAUUCGAGGAGGAGUUAUUCUUAAGAAGUUUACAAGAUUACAAGAUACAAAGUGCCUUAUUAGUACCCACUUUAUUCAGUUUCUUCGCCAAGAGUACUUUAAUAGAUAAGUACGAUUUAAGUAAUUUACACGAGAUAGCCAGUGGCGGCGCCCCCUUAAGUAAGGAGGUAGGCGAGGCCGUAGCCAAGAGAUUCCACUUACCCGGCAUAAGACAAGGCUACGGCUUAACUGAGACUACUAGUGCCAUAUUAAUAACUCCCGAGGGCGAUGAUAAGCCCGGCGCCGUAGGCAAGGUAGUACCCUUCUUCGAGGCCAAGGUAGUAGAUUUAGAUACUGGCAAGACUUUAGGCGUAAAUCAAAGAGGCGAGUUAUGCGUAAGAGGCCCCAUGAUAAUGAGUGGCUACGUAAAUAAUCCCGAGGCCACUAAUGCCUUAAUAGAUAAGGAUGGCUGGUUACACAGUGGCGAUAUAGCCUACUGGGAUGAGGAUGAGCACUUCUUCAUAGUAGAUAGAUUAAAGAGUUUAAUAAAGUACAAGGGCUACCAAGUAGCCCCCGCCGAGUUAGAGAGUAUAUUAUUACAACACCCCAAUAUAUUCGAUGCCGGCGUAGCCGGCUUACCCGAUGAUGAUGCCGGCGAGUUACCCGCCGCCGUAGUAGUAUUAGAGCACGGCAAGACUAUGACUGAGAAGGAGAUAGUAGAUUACGUAGCCAGUCAAGUAACUACUGCCAAGAAGUUAAGAGGCGGCGUAGUAUUCGUAGAUGAGGUACCCAAGGGCUUAACUGGCAAGUUAGAUGCCAGAAAGAUAAGAGAGAUAUUAAUAAAGGCCAAGAAGGGCGGCAAGAUAGCCGUA
1C-1D,hEPO,ECO,AUGGGAGUGCACGAGUGUCCCGCGUGGUUGUGGUUGCUGCUGUCGCUCUUGAGCCUCCCACUGGGACUGCCUGUGCUGGGGGCACCACCCAGAUUGAUCUGCGACUCACGGGUACUUGAGAGGUACCUUCUUGAAGCCAAAGAAGCCGAAAACAUCACAACCGGAUGCGCCGAGCACUGCUCCCUCAAUGAGAACAUUACUGUACCGGAUACAAAGGUCAAUUUCUAUGCAUGGAAGAGAAUGGAAGUAGGACAGCAGGCCGUCGAAGUGUGGCAGGGGCUCGCGCUUUUGUCGGAGGCGGUGUUGCGGGGUCAGGCCCUCCUCGUCAACUCAUCACAGCCGUGGGAGCCCCUCCAACUUCAUGUCGAUAAAGCGGUGUCGGGGCUCCGCAGCUUGACGACGUUGCUUCGGGCUCUGGGCGCACAAAAGGAGGCUAUUUCGCCGCCUGACGCGGCCUCCGCGGCACCCCUCCGAACGAUCACCGCGGACACGUUUAGGAAGCUUUUUAGAGUGUACAGCAAUUUCCUCCGCGGAAAGCUGAAAUUGUAUACUGGUGAAGCGUGUAGGACAGGGGAUCGC
1C-1D,hEPO,HA-E1,AUGGGCGUGCACGAGUGCCCCGCCUGGCUGUGGCUGCUGCUGAGCCUGCUGAGCCUGCCCCUGGGCCUGCCCGUGCUGGGCGCCCCCCCCCGGCUGAUCUGCGACAGCCGGGUGCUGGAGCGGUACCUGCUGGAGGCCAAGGAGGCCGAGAACAUCACCACCGGCUGCGCCGAGCACUGCAGCCUGAACGAGAACAUCACCGUGCCCGACACCAAGGUGAACUUCUACGCCUGGAAGCGGAUGGAGGUGGGCCAGCAGGCCGUGGAGGUGUGGCAGGGCCUGGCCCUGCUGAGCGAGGCCGUGCUGCGGGGCCAGGCCCUGCUGGUGAACAGCAGCCAGCCCUGGGAGCCCCUGCAGCUGCACGUGGACAAGGCCGUGAGCGGCCUGCGGAGCCUGACCACCCUGCUGCGGGCCCUGGGCGCCCAGAAGGAGGCCAUCAGCCCCCCCGACGCCGCCAGCGCCGCCCCCCUGCGGACCAUCACCGCCGACACCUUCCGGAAGCUGUUCCGGGUGUACAGCAACUUCCUGCGGGGCAAGCUGAAGCUGUACACCGGCGAGGCCUGCCGGACCGGCGACCGG
1C-1D,hEPO,HA-E2,AUGGGCGUGCACGAGUGCCCCGCCUGGCUGUGGCUGCUGCUGAGCCUGCUGAGCCUGCCCCUGGGCCUGCCCGUGCUGGGCGCCCCCCCCAGAUUAAUUUGUGAUUCUAGGGUUUUAGAAAGAUAUUUAUUAGAAGCUAAAGAAGCUGAAAAUAUUACAACAGGAUGUGCUGAACAUUGUUCUUUAAAUGAAAAUAUUACAGUUCCUGAUACAAAAGUUAAUUUUUAUGCUUGGAAAAGAAUGGAAGUUGGACAACAAGCUGUUGAAGUUUGGCAAGGAUUAGCUUUAUUAUCUGAAGCUGUUUUAAGAGGACAAGCUUUAUUAGUUAAUUCUUCUCAACCUUGGGAACCUUUACAAUUACAUGUUGAUAAAGCUGUUUCUGGAUUAAGAUCUUUAACAACAUUAUUAAGAGCUUUAGGAGCUCAAAAAGAAGCUAUUUCUCCUCCUGAUGCUGCUUCUGCUGCUCCUUUAAGAACAAUUACAGCUGAUACAUUUAGAAAAUUAUUUAGAGUUUAUUCUAAUUUUUUAAGAGGAAAAUUAAAAUUAUAUACAGGAGAAGCUUGUAGAACAGGAGAUAGA
1C-1D,hEPO,HA-E3,AUGGGCGUGCACGAGUGCCCCGCCUGGCUGUGGCUGCUGCUGAGCCUGCUGAGCCUGCCCCUGGGCCUGCCCGUGCUGGGCGCCCCCCCCAGGCUGAUCUGCGACAGCAGGGUGCUGGAGAGGUACCUGCUGGAGGCGAAGGAGGCGGAGAACAUCACGACGGGGUGCGCGGAGCACUGCAGCCUGAACGAGAACAUCACGGUGCCGGACACGAAGGUGAACUUCUACGCGUGGAAGAGGAUGGAGGUGGGGCAGCAGGCGGUGGAGGUGUGGCAGGGGCUGGCGCUGCUGAGCGAGGCGGUGCUGAGGGGGCAGGCGCUGCUGGUGAACAGCAGCCAGCCGUGGGAGCCGCUGCAGCUGCACGUGGACAAGGCGGUGAGCGGGCUGAGGAGCCUGACGACGCUGCUGAGGGCGCUGGGGGCGCAGAAGGAGGCGAUCAGCCCGCCGGACGCGGCGAGCGCGGCGCCGCUGAGGACGAUCACGGCGGACACGUUCAGGAAGCUGUUCAGGGUGUACAGCAACUUCCUGAGGGGGAAGCUGAAGCUGUACACGGGGGAGGCGUGCAGGACGGGGGACAGG
1C-1D,hEPO,HA-E4,AUGGGCGUGCACGAGUGCCCCGCCUGGCUGUGGCUGCUGCUGAGCCUGCUGAGCCUGCCCCUGGGCCUGCCCGUGCUGGGCGCCCCCCCCCGCCUCAUCUGCGACUCCCGCGUCCUCGAGCGCUACCUCCUCGAGGCCAAGGAGGCCGAGAACAUCACCACCGGCUGCGCCGAGCACUGCUCCCUCAACGAGAACAUCACCGUCCCCGACACCAAGGUCAACUUCUACGCCUGGAAGCGCAUGGAGGUCGGCCAGCAGGCCGUCGAGGUCUGGCAGGGCCUCGCCCUCCUCUCCGAGGCCGUCCUCCGCGGCCAGGCCCUCCUCGUCAACUCCUCCCAGCCCUGGGAGCCCCUCCAGCUCCACGUCGACAAGGCCGUCUCCGGCCUCCGCUCCCUCACCACCCUCCUCCGCGCCCUCGGCGCCCAGAAGGAGGCCAUCUCCCCCCCCGACGCCGCCUCCGCCGCCCCCCUCCGCACCAUCACCGCCGACACCUUCCGCAAGCUCUUCCGCGUCUACUCCAACUUCCUCCGCGGCAAGCUCAAGCUCUACACCGGCGAGGCCUGCCGCACCGGCGACCGC
1C-1D,hEPO,HB-E1,AUGGGAGUUCAUGAAUGUCCUGCUUGGUUAUGGUUAUUAUUAUCUUUAUUAUCUUUACCUUUAGGAUUACCUGUUUUAGGAGCUCCUCCUCGGCUGAUCUGCGACAGCCGGGUGCUGGAGCGGUACCUGCUGGAGGCCAAGGAGGCCGAGAACAUCACCACCGGCUGCGCCGAGCACUGCAGCCUGAACGAGAACAUCACCGUGCCCGACACCAAGGUGAACUUCUACGCCUGGAAGCGGAUGGAGGUGGGCCAGCAGGCCGUGGAGGUGUGGCAGGGCCUGGCCCUGCUGAGCGAGGCCGUGCUGCGGGGCCAGGCCCUGCUGGUGAACAGCAGCCAGCCCUGGGAGCCCCUGCAGCUGCACGUGGACAAGGCCGUGAGCGGCCUGCGGAGCCUGACCACCCUGCUGCGGGCCCUGGGCGCCCAGAAGGAGGCCAUCAGCCCCCCCGACGCCGCCAGCGCCGCCCCCCUGCGGACCAUCACCGCCGACACCUUCCGGAAGCUGUUCCGGGUGUACAGCAACUUCCUGCGGGGCAAGCUGAAGCUGUACACCGGCGAGGCCUGCCGGACCGGCGACCGG
1C-1D,hEPO,HB-E2,AUGGGAGUUCAUGAAUGUCCUGCUUGGUUAUGGUUAUUAUUAUCUUUAUUAUCUUUACCUUUAGGAUUACCUGUUUUAGGAGCUCCUCCUAGAUUAAUUUGUGAUUCUAGGGUUUUAGAAAGAUAUUUAUUAGAAGCUAAAGAAGCUGAAAAUAUUACAACAGGAUGUGCUGAACAUUGUUCUUUAAAUGAAAAUAUUACAGUUCCUGAUACAAAAGUUAAUUUUUAUGCUUGGAAAAGAAUGGAAGUUGGACAACAAGCUGUUGAAGUUUGGCAAGGAUUAGCUUUAUUAUCUGAAGCUGUUUUAAGAGGACAAGCUUUAUUAGUUAAUUCUUCUCAACCUUGGGAACCUUUACAAUUACAUGUUGAUAAAGCUGUUUCUGGAUUAAGAUCUUUAACAACAUUAUUAAGAGCUUUAGGAGCUCAAAAAGAAGCUAUUUCUCCUCCUGAUGCUGCUUCUGCUGCUCCUUUAAGAACAAUUACAGCUGAUACAUUUAGAAAAUUAUUUAGAGUUUAUUCUAAUUUUUUAAGAGGAAAAUUAAAAUUAUAUACAGGAGAAGCUUGUAGAACAGGAGAUAGA
1C-1D,hEPO,HB-E3,AUGGGAGUUCAUGAAUGUCCUGCUUGGUUAUGGUUAUUAUUAUCUUUAUUAUCUUUACCUUUAGGAUUACCUGUUUUAGGAGCUCCUCCUAGGCUGAUCUGCGACAGCAGGGUGCUGGAGAGGUACCUGCUGGAGGCGAAGGAGGCGGAGAACAUCACGACGGGGUGCGCGGAGCACUGCAGCCUGAACGAGAACAUCACGGUGCCGGACACGAAGGUGAACUUCUACGCGUGGAAGAGGAUGGAGGUGGGGCAGCAGGCGGUGGAGGUGUGGCAGGGGCUGGCGCUGCUGAGCGAGGCGGUGCUGAGGGGGCAGGCGCUGCUGGUGAACAGCAGCCAGCCGUGGGAGCCGCUGCAGCUGCACGUGGACAAGGCGGUGAGCGGGCUGAGGAGCCUGACGACGCUGCUGAGGGCGCUGGGGGCGCAGAAGGAGGCGAUCAGCCCGCCGGACGCGGCGAGCGCGGCGCCGCUGAGGACGAUCACGGCGGACACGUUCAGGAAGCUGUUCAGGGUGUACAGCAACUUCCUGAGGGGGAAGCUGAAGCUGUACACGGGGGAGGCGUGCAGGACGGGGGACAGG
1C-1D,hEPO,HB-E4,AUGGGAGUUCAUGAAUGUCCUGCUUGGUUAUGGUUAUUAUUAUCUUUAUUAUCUUUACCUUUAGGAUUACCUGUUUUAGGAGCUCCUCCUCGCCUCAUCUGCGACUCCCGCGUCCUCGAGCGCUACCUCCUCGAGGCCAAGGAGGCCGAGAACAUCACCACCGGCUGCGCCGAGCACUGCUCCCUCAACGAGAACAUCACCGUCCCCGACACCAAGGUCAACUUCUACGCCUGGAAGCGCAUGGAGGUCGGCCAGCAGGCCGUCGAGGUCUGGCAGGGCCUCGCCCUCCUCUCCGAGGCCGUCCUCCGCGGCCAGGCCCUCCUCGUCAACUCCUCCCAGCCCUGGGAGCCCCUCCAGCUCCACGUCGACAAGGCCGUCUCCGGCCUCCGCUCCCUCACCACCCUCCUCCGCGCCCUCGGCGCCCAGAAGGAGGCCAUCUCCCCCCCCGACGCCGCCUCCGCCGCCCCCCUCCGCACCAUCACCGCCGACACCUUCCGCAAGCUCUUCCGCGUCUACUCCAACUUCCUCCGCGGCAAGCUCAAGCUCUACACCGGCGAGGCCUGCCGCACCGGCGACCGC
